tilegrp,tileid,mjd,expnum,exptime,stage,status,drpqual,drpver,dpos,object,obstime,std_mean_senb,std_mean_senr,std_mean_senz,sci_mean_senb,sci_mean_senr,sci_mean_senz,mod_mean_senb,mod_mean_senr,mod_mean_senz,fluxcal,sci_ra,sci_dec,sci_pa,sci_amass,sci_kmpos,sci_focpos,sci_alt,sci_sh_hght,sci_moon_sep,skye_ra,skye_dec,skye_pa,skye_amass,skye_kmpos,skye_focpos,skye_name,skye_alt,sci_skye_sep,skye_sh_hght,skye_moon_sep,skyw_ra,skyw_dec,skyw_pa,skyw_amass,skyw_kmpos,skyw_focpos,skyw_name,skyw_alt,sci_skyw_sep,skyw_sh_hght,skyw_moon_sep,moon_ra,moon_dec,moon_phase,moon_fli,sun_alt,moon_alt,filename,location,agcam_location,calib_mjd,ra,dec,pa,NGCname,ra_icrs,dec_icrs,ra_g,dec_g
0011XX,11111,60181,3728,60.0,1,0,0,1.2.0,0,,2023-08-25T04:08:27.294,6.5259829436348e-14,3.30773069236845e-14,2.2334569267887e-14,9.19469243446659e-14,3.37117565243108e-14,2.33794156930661e-14,6.58053141905162e-14,3.29430974347982e-14,2.23958492894714e-14,SCI,337.410625,-20.837111,0.0,1.033,-50.98,36.03,75.4888,24300.62414,81.0249,321.613,-44.5432,0.0,1.038,-51.67,35.54,None,74.4367,27.0688,7093.90816,61.4439,333.511643,-23.250798,0.0,1.016,-49.12,36.37,None,79.8261,4.3455,19655.59968,76.7564,247.68765,-25.28263,98.47,0.5748,-69.9336,23.0426,lvmSFrame-00003728.fits,sdsswork/lvm/spectro/redux/1.2.0/0011XX/11111/60181/lvmSFrame-00003728.fits,sdsswork/data/agcam/lco/60181/coadds/lvm.sci.coadd_s00003728.fits,60177,337.410625,-20.837111,0.0,NGC7293,337.410625,-20.837111,36.16141839427528,-57.11837784310887
1028XX,1028770,60188,4168,300.0,1,0,0,1.2.0,0,,2023-09-01T08:27:58.406,6.23090166195937e-14,3.1217909143085e-14,2.06708726389166e-14,1.00914192163987e-13,3.42487635346355e-14,2.19893944573297e-14,6.37678318559201e-14,3.16974899003968e-14,2.07215185516876e-14,SCI,83.905052,-2.616742,0.0,1.637,-73.34,35.51,37.6263,778.4823,86.473,21.0186,-22.927,0.0,1.035,-32.27,34.99,WHAM_south_02,74.9624,64.0811,1524.44777,30.2861,85.800328,-1.27412,0.0,1.729,-74.62,36.13,grid125,35.3048,2.3217,757.81894,88.4369,357.29525,-3.1851,198.01,0.9756,-33.4179,44.8246,lvmSFrame-00004168.fits,sdsswork/lvm/spectro/redux/1.2.0/1028XX/1028770/60188/lvmSFrame-00004168.fits,sdsswork/data/agcam/lco/60188/coadds/lvm.sci.coadd_s00004168.fits,60177,83.905052,-2.616742,0.0,NGC2024,83.905052,-2.616742,-153.5488409826078,-18.035053537466435
1028XX,1028800,60188,4171,900.0,1,0,0,1.2.0,0,,2023-09-01T09:58:44.156,6.1414592210809e-14,3.08933193179971e-14,2.07770630936739e-14,7.40875083226317e-14,3.18600200109877e-14,2.16511214223568e-14,6.28904882385627e-14,3.12937054561445e-14,2.08343819473993e-14,MOD,84.13007562394564,-2.2605788722687956,-63.54323007418581,1.234,-22.75,35.51,54.1107,164.94741,86.1156,85.8002911159519,-1.2740372312973467,1.0908147353300586,1.264,-55.25,34.99,grid125,52.2868,1.9391,163.57583,87.8285,70.8594984052283,-56.127984213077546,0.9070416877099152,1.136,-66.06,36.13,WHAM_south_08,61.6921,54.9154,179.31196,78.3033,357.91409,-2.72388,198.68,0.9738,-13.6337,26.3792,lvmSFrame-00004171.fits,sdsswork/lvm/spectro/redux/1.2.0/1028XX/1028800/60188/lvmSFrame-00004171.fits,sdsswork/data/agcam/lco/60188/coadds/lvm.sci.coadd_s00004171.fits,60177,84.13007562394564,-2.2605788722687956,-63.54323007418581,NGC2024,84.13007562394564,-2.2605788722687956,-153.76994621187015,-17.670220228375925
1028XX,1028801,60208,5355,900.0,1,0,0,1.2.0,0,tile_id=1001053,2023-09-21T07:05:19.794,-999.9,-999.9,-999.9,5.4508142209087e-14,2.84923670856194e-14,1.93013805172837e-14,-999.9,-999.9,-999.9,SCI,84.32635167812852,-2.633344783952824,-62.285723792143926,1.682,-43.9,35.62,36.4679,1493.08114,147.4525,85.80031643518176,-1.2739703071410706,1.3811304399985835,1.766,-75.66,35.16,grid125,34.4817,2.0045,1460.7548,147.7724,21.01859438922689,-22.92707733958453,0.6722368833949551,1.032,-32.7,36.11,WHAM_south_02,75.7799,64.458,3418.67154,115.3792,246.07783,-24.66876,70.65,0.3355,-44.5766,-28.6077,lvmSFrame-00005355.fits,sdsswork/lvm/spectro/redux/1.2.0/1028XX/1028801/60208/lvmSFrame-00005355.fits,sdsswork/data/agcam/lco/60208/coadds/lvm.sci.coadd_s00005355.fits,60177,84.32635167812852,-2.633344783952824,-62.285723792143926,NGC2024,84.32635167812852,-2.633344783952824,-153.32789107621676,-17.670133928510204
0011XX,11111,60212,5511,900.0,1,0,0,1.2.0,0,M33low,2023-09-25T05:06:15.072,5.93364104499617e-14,3.0075870160765e-14,2.04362739657837e-14,1.77160225523789e-14,8.68803838650601e-15,5.70720655962996e-15,5.98242122230226e-14,3.00970485910605e-14,2.04658173981203e-14,MOD,23.39818229004826,30.54888219142393,-0.13527164844496628,2.072,-35.19,35.86,28.8218,11226.20684,92.2859,15.656696570206297,26.31406614505264,0.7110958729923272,1.774,-25.74,35.54,None,34.2101,8.014,15112.70013,84.2831,2.061657384431092,-34.65171483442845,0.8829175284037336,1.011,-43.48,36.53,None,81.729,68.2297,5378.71818,49.4528,305.80618,-24.23374,120.69,0.7561,-59.2906,33.695,lvmSFrame-00005511.fits,sdsswork/lvm/spectro/redux/1.2.0/0011XX/11111/60212/lvmSFrame-00005511.fits,sdsswork/data/agcam/lco/60212/coadds/lvm.sci.coadd_s00005511.fits,60177,23.39818229004826,30.54888219142393,-0.13527164844496628,NGC598,23.39818229004826,30.54888219142393,133.5719037786825,-31.450434227404184
0011XX,11111,60212,5512,900.0,1,0,0,1.2.0,0,M33up,2023-09-25T05:25:45.401,6.00715737588717e-14,3.03991426821769e-14,2.06346652533581e-14,4.92902554021389e-14,2.743663527711e-14,1.7655788074442e-14,6.06460421515242e-14,3.05751377774704e-14,2.06837468901422e-14,MOD,23.518731309869295,30.729483505260426,-0.10601865142333082,2.03,-28.9,35.64,29.4781,10554.07581,92.2832,15.656702697400602,26.3140256502294,0.71438010568845,1.761,-19.7,35.54,None,34.5255,8.1947,14402.26503,84.1059,21.018611554026393,-22.927009187961154,0.8522601861952864,1.012,-47.21,36.43,None,81.2975,53.7101,5937.12904,67.8884,305.98274,-24.15686,120.85,0.7573,-57.8181,29.6356,lvmSFrame-00005512.fits,sdsswork/lvm/spectro/redux/1.2.0/0011XX/11111/60212/lvmSFrame-00005512.fits,sdsswork/data/agcam/lco/60212/coadds/lvm.sci.coadd_s00005512.fits,60177,23.518731309869295,30.729483505260426,-0.10601865142333082,NGC598,23.518731309869295,30.729483505260426,133.650566891124,-31.253300300343422
1028XX,1028771,60212,5517,900.0,1,0,0,1.2.0,0,tile_id=1001023,2023-09-25T06:58:26.561,6.10643282486471e-14,3.05599893333086e-14,2.07311964360726e-14,5.77941524506691e-14,2.98834720128547e-14,1.98941961598241e-14,6.02420422159782e-14,2.99601231936409e-14,2.07146508061001e-14,MOD,84.10129735923466,-2.989532409608087,-62.300631372450205,1.6,-41.84,35.64,38.6672,1576.37435,130.4996,21.018625340113736,-22.927160293759528,1.19411531721776,1.04,-31.51,35.54,WHAM_south_02,73.9683,64.1071,3529.19727,67.1827,85.80024123733176,-1.274002349208489,1.3002086572346248,1.689,-73.62,36.43,grid125,36.2869,2.4136,1540.16421,132.8742,306.90545,-23.78084,121.71,0.7637,-44.5221,10.8298,lvmSFrame-00005517.fits,sdsswork/lvm/spectro/redux/1.2.0/1028XX/1028771/60212/lvmSFrame-00005517.fits,sdsswork/data/agcam/lco/60212/coadds/lvm.sci.coadd_s00005517.fits,60177,84.10129735923466,-2.989532409608087,-62.300631372450205,NGC2024,84.10129735923466,-2.989532409608087,-153.10589889843854,-18.034480190315268
1028XX,1028769,60212,5518,900.0,1,0,0,1.2.0,0,tile_id=1001021,2023-09-25T07:17:01.209,6.04967652940729e-14,3.04343263599704e-14,2.06162463359908e-14,5.91311646617013e-14,3.12382302048333e-14,2.06437668977956e-14,6.14541037090605e-14,3.08255230835666e-14,2.07012120253159e-14,MOD,83.70894730100397,-2.243950400833678,-62.31858592996542,1.487,-37.44,35.64,42.2531,1396.17588,130.4692,85.800328,-1.27412,0.0,1.555,-69.92,35.54,grid125,40.0116,2.3044,1358.46869,132.7418,21.01857771173382,-22.927097892171126,0.9441402687502441,1.064,-28.42,36.43,WHAM_south_02,70.0542,64.0566,3001.21508,67.0261,307.10745,-23.70454,121.89,0.765,-41.0891,7.1853,lvmSFrame-00005518.fits,sdsswork/lvm/spectro/redux/1.2.0/1028XX/1028769/60212/lvmSFrame-00005518.fits,sdsswork/data/agcam/lco/60212/coadds/lvm.sci.coadd_s00005518.fits,60177,83.70894730100397,-2.243950400833678,-62.31858592996542,NGC2024,83.70894730100397,-2.243950400833678,-153.99174426234512,-18.034611389006958
1028XX,1028799,60212,5519,900.0,1,0,0,1.2.0,0,tile_id=1001051,2023-09-25T07:34:01.124,6.09323508544609e-14,3.0672559004473e-14,2.07910144228697e-14,5.69866193427182e-14,2.96840577825252e-14,1.99147831624544e-14,6.07804655024215e-14,3.03931421270143e-14,2.08173633818168e-14,MOD,83.93395197541096,-1.8878234531552973,-62.317195923422126,1.41,-33.88,35.64,45.1334,1214.77728,130.7276,85.80030616748012,-1.274053761070708,1.4878327640920654,1.457,-66.28,35.54,grid125,43.3191,1.964,1187.56773,132.616,21.01854427917144,-22.926988894076477,0.9809276532742758,1.091,-25.9,36.43,WHAM_south_02,66.3997,64.4091,2527.73033,66.8782,307.29724,-23.6348,122.07,0.7663,-37.8202,3.8972,lvmSFrame-00005519.fits,sdsswork/lvm/spectro/redux/1.2.0/1028XX/1028799/60212/lvmSFrame-00005519.fits,sdsswork/data/agcam/lco/60212/coadds/lvm.sci.coadd_s00005519.fits,60177,83.93395197541096,-1.8878234531552973,-62.317195923422126,NGC2024,83.93395197541096,-1.8878234531552973,-154.2119397030384,-17.66929187621802
1028XX,1028832,60212,5520,900.0,1,0,0,1.2.0,0,tile_id=1001084,2023-09-25T07:50:41.762,6.11756818633407e-14,3.05920271480941e-14,2.07694919734957e-14,5.83168372096922e-14,3.01309014817838e-14,2.02384742023155e-14,6.16795490861868e-14,3.05817208300072e-14,2.083395395909e-14,MOD,84.74764729789173,-2.649830224830048,-62.273649274914774,1.342,-31.2,35.64,48.1539,1029.84435,130.8422,85.80031728330054,-1.2740518678895478,1.4384507579247892,1.379,-62.66,35.54,grid125,46.447,1.7319,1018.83389,132.4882,21.018548508720777,-22.926992943810806,1.0090272985509599,1.124,-23.53,36.43,WHAM_south_02,62.7777,64.8351,2081.74902,66.729,307.48799,-23.56657,122.24,0.7676,-34.5174,0.7194,lvmSFrame-00005520.fits,sdsswork/lvm/spectro/redux/1.2.0/1028XX/1028832/60212/lvmSFrame-00005520.fits,sdsswork/data/agcam/lco/60212/coadds/lvm.sci.coadd_s00005520.fits,60177,84.74764729789173,-2.649830224830048,-62.273649274914774,NGC2024,84.74764729789173,-2.649830224830048,-153.1078206078187,-17.304993897496026
1028XX,1028831,60212,5521,900.0,1,0,0,1.2.0,0,tile_id=1001083,2023-09-25T08:07:20.973,6.14900810378467e-14,3.07249032003794e-14,2.08477903719352e-14,5.4453331305885e-14,2.92566532897272e-14,2.03399284893722e-14,6.07381373274745e-14,3.01844160370767e-14,2.08510529612631e-14,MOD,84.55128124408729,-2.277149001638473,-62.27271629514568,1.286,-27.31,35.64,51.0136,862.85147,130.76,70.85954739044027,-56.128033564372586,1.628875111946966,1.147,-68.91,35.54,WHAM_south_08,60.6599,54.9659,890.01316,87.0558,85.80028228462066,-1.2740385451295495,1.112904528054978,1.316,-58.8,36.43,grid125,49.426,1.6015,852.60559,132.3561,307.68289,-23.49873,122.42,0.7689,-31.1422,-2.4012,lvmSFrame-00005521.fits,sdsswork/lvm/spectro/redux/1.2.0/1028XX/1028831/60212/lvmSFrame-00005521.fits,sdsswork/data/agcam/lco/60212/coadds/lvm.sci.coadd_s00005521.fits,60177,84.55128124408729,-2.277149001638473,-62.27271629514568,NGC2024,84.55128124408729,-2.277149001638473,-153.54895341069687,-17.305551536176434
1028XX,1028830,60212,5522,900.0,1,0,0,1.2.0,0,tile_id=1001082,2023-09-25T08:24:00.053,6.07923545300128e-14,3.08163168920074e-14,2.07734170396433e-14,5.58978404129936e-14,2.96541579837284e-14,1.9946180231444e-14,6.05459871128787e-14,3.03324232899492e-14,2.0833079830001e-14,MOD,84.35504496195196,-1.9044820002635205,-62.308947125349846,1.242,-23.41,35.64,53.6316,700.90147,130.6682,70.85951171468392,-56.12799273537784,1.6329317734121436,1.136,-66.33,35.54,WHAM_south_08,61.6716,55.3025,720.1785,87.03,85.80027280237724,-1.2740987525192313,1.0679710677531682,1.265,-55.12,36.43,grid125,52.2247,1.5762,692.10576,132.2197,307.88206,-23.4313,122.61,0.7703,-27.7045,-5.4631,lvmSFrame-00005522.fits,sdsswork/lvm/spectro/redux/1.2.0/1028XX/1028830/60212/lvmSFrame-00005522.fits,sdsswork/data/agcam/lco/60212/coadds/lvm.sci.coadd_s00005522.fits,60177,84.35504496195196,-1.9044820002635205,-62.308947125349846,NGC2024,84.35504496195196,-1.9044820002635205,-153.9900348732208,-17.30513880685853
1028XX,1028739,60212,5523,900.0,1,0,0,1.2.0,0,tile_id=1000991,2023-09-25T08:41:13.003,6.14306919642282e-14,3.07524277557221e-14,2.07890432772347e-14,5.61371026761343e-14,2.91384689163146e-14,1.90413039170045e-14,6.10987095294941e-14,3.03211201239832e-14,2.08541070584913e-14,MOD,83.48382446505495,-2.600005508507912,-62.3568759628698,1.188,-19.02,35.64,57.2907,545.23463,129.4122,85.80027957292229,-1.2740634829123292,1.3281763182988933,1.222,-51.51,35.54,grid125,54.8815,2.6679,535.91504,132.0743,70.85952566130122,-56.128038464872624,1.2046160337726621,1.128,-63.49,36.43,WHAM_south_08,62.4218,54.4813,555.45914,87.0006,308.0924,-23.36213,122.8,0.7717,-24.0965,-8.5607,lvmSFrame-00005523.fits,sdsswork/lvm/spectro/redux/1.2.0/1028XX/1028739/60212/lvmSFrame-00005523.fits,sdsswork/data/agcam/lco/60212/coadds/lvm.sci.coadd_s00005523.fits,60177,83.48382446505495,-2.600005508507912,-62.3568759628698,NGC2024,83.48382446505495,-2.600005508507912,-153.77067191728787,-18.399670937348095
1028XX,1028709,60215,5675,900.0,1,0,0,1.2.0,0,tile_id=1000961,2023-09-28T06:27:28.531,6.09990913543557e-14,3.07056997874376e-14,2.07532229560025e-14,1.26039669914598e-13,3.64852704348762e-14,2.14759208093312e-14,6.20400640936975e-14,3.10656369086273e-14,2.0764983240937e-14,MOD,83.25851003491289,-2.9560156404386726,-62.379203262954704,1.725,-45.06,35.87,35.3937,1921.35327,92.7983,85.80023103058414,-1.273999822665282,1.5320800102931784,1.868,-77.79,35.53,grid125,32.3478,3.0464,1849.39127,95.5277,21.018607184781285,-22.92709662238587,0.75118759714794,1.023,-34.38,36.47,WHAM_south_02,77.8291,63.3529,4299.95597,33.7607,350.07312,-6.97533,163.41,0.9793,-48.7523,44.2008,lvmSFrame-00005675.fits,sdsswork/lvm/spectro/redux/1.2.0/1028XX/1028709/60215/lvmSFrame-00005675.fits,sdsswork/data/agcam/lco/60215/coadds/lvm.sci.coadd_s00005675.fits,60177,83.25851003491289,-2.9560156404386726,-62.379203262954704,NGC2024,83.25851003491289,-2.9560156404386726,-153.54869695852037,-18.764528705341696
1028XX,1028738,60215,5676,900.0,1,0,0,1.2.0,0,tile_id=1000990,2023-09-28T06:44:22.372,6.05767444072235e-14,3.07061188451128e-14,2.0644455654628e-14,7.74844956074302e-14,3.27619750477861e-14,2.12198842837083e-14,6.04005747107618e-14,3.02772003341505e-14,2.06050705395929e-14,MOD,83.28778457972463,-2.227175301410889,-62.340568853222884,1.608,-41.47,35.87,38.4158,1751.92581,92.8103,21.018613556367228,-22.92710232484174,1.0914598986247153,1.038,-31.86,35.53,WHAM_south_02,74.4386,63.6806,3838.90814,33.7118,85.80024569691288,-1.2740746810092547,1.1703458057083147,1.707,-74.09,36.47,grid125,35.824,2.686,1688.80996,95.4194,350.18535,-6.8878,163.54,0.9796,-45.9751,40.7416,lvmSFrame-00005676.fits,sdsswork/lvm/spectro/redux/1.2.0/1028XX/1028738/60215/lvmSFrame-00005676.fits,sdsswork/data/agcam/lco/60215/coadds/lvm.sci.coadd_s00005676.fits,60177,83.28778457972463,-2.227175301410889,-62.340568853222884,NGC2024,83.28778457972463,-2.227175301410889,-154.21450791928171,-18.398775662784686
1028XX,1028768,60215,5677,900.0,1,0,0,1.2.0,0,tile_id=1001020,2023-09-28T07:02:56.278,6.05974672359902e-14,3.06745791972287e-14,2.06430224083965e-14,5.72486581403487e-14,3.00628709319805e-14,1.95723656601035e-14,6.15852657248462e-14,3.09411859277286e-14,2.06868562365192e-14,MOD,83.51288230999093,-1.8711402940897666,-62.33794305512162,1.502,-37.67,35.87,41.7249,1550.30467,92.9546,85.8002482158113,-1.2740222878153342,1.425941845054343,1.57,-70.4,35.53,grid125,39.5585,2.3632,1502.54671,95.2964,21.018565197919386,-22.927081238118554,0.791590489220873,1.061,-28.77,36.47,WHAM_south_02,70.5417,64.0335,3320.8001,33.6554,350.31254,-6.79131,163.68,0.98,-42.7162,36.8844,lvmSFrame-00005677.fits,sdsswork/lvm/spectro/redux/1.2.0/1028XX/1028768/60215/lvmSFrame-00005677.fits,sdsswork/data/agcam/lco/60215/coadds/lvm.sci.coadd_s00005677.fits,60177,83.51288230999093,-1.8711402940897666,-62.33794305512162,NGC2024,83.51288230999093,-1.8711402940897666,-154.4346653110297,-18.0332182058227
1028XX,1028802,60215,5678,900.0,1,0,0,1.2.0,0,tile_id=1001054,2023-09-28T07:19:18.177,6.06284090891618e-14,3.06263159705638e-14,2.05760352442657e-14,7.71874661659578e-14,3.32226264640229e-14,2.18092607694779e-14,6.0375402867268e-14,3.03979755355613e-14,2.04518927375672e-14,MOD,84.52268270293393,-3.0060868826685696,-62.29720567698211,1.417,-35.38,35.87,44.8468,1351.30662,93.7091,21.018595404851695,-22.927096771178693,1.138754923062172,1.086,-26.54,35.53,WHAM_south_02,67.0311,64.4846,2863.38785,33.6032,85.80025358907584,-1.2740828086710771,1.08177503689024,1.472,-66.7,36.47,grid125,42.7585,2.1517,1332.74934,95.1844,350.42826,-6.70602,163.81,0.9803,-39.697,33.4474,lvmSFrame-00005678.fits,sdsswork/lvm/spectro/redux/1.2.0/1028XX/1028802/60215/lvmSFrame-00005678.fits,sdsswork/data/agcam/lco/60215/coadds/lvm.sci.coadd_s00005678.fits,60177,84.52268270293393,-3.0060868826685696,-62.29720567698211,NGC2024,84.52268270293393,-3.0060868826685696,-152.88586252211567,-17.669119866565804
1028XX,1028862,60215,5679,900.0,1,0,0,1.2.0,0,tile_id=1001114,2023-09-28T07:35:38.115,6.10543391880718e-14,3.06705937885589e-14,2.0688342785395e-14,6.51781946741838e-14,2.92067210892705e-14,2.06891165728325e-14,6.1389010513792e-14,3.0713319584781e-14,2.07333097098481e-14,MOD,84.97244707459936,-2.2935659219777613,-62.277380363538406,1.364,-32.1,35.87,47.143,1170.84672,94.127,21.018570793016178,-22.926996367162833,1.170529785025228,1.117,-24.2,35.53,WHAM_south_02,63.489,65.1861,2415.4264,33.5486,85.80031970396514,-1.2741374302498862,1.0298505276963008,1.393,-63.17,36.47,grid125,45.8447,1.313,1161.00733,95.0691,350.54727,-6.62072,163.95,0.9806,-36.5722,29.9916,lvmSFrame-00005679.fits,sdsswork/lvm/spectro/redux/1.2.0/1028XX/1028862/60215/lvmSFrame-00005679.fits,sdsswork/data/agcam/lco/60215/coadds/lvm.sci.coadd_s00005679.fits,60177,84.97244707459936,-2.2935659219777613,-62.277380363538406,NGC2024,84.97244707459936,-2.2935659219777613,-153.32888767666478,-16.94067139341964
1028XX,1028861,60215,5680,900.0,1,0,0,1.2.0,0,tile_id=1001113,2023-09-28T07:52:36.294,6.11313156783755e-14,3.06765663675029e-14,2.07415142882289e-14,6.35593347001481e-14,3.01077276242533e-14,2.03910577638505e-14,6.13371827941552e-14,3.06352356717407e-14,2.07179057361761e-14,MOD,84.7760778201631,-1.9209343937296175,-62.29132308996298,1.303,-28.1,35.87,50.0878,993.56773,93.8533,70.85953635072782,-56.12797236710378,1.4718692005909424,1.149,-69.37,35.53,WHAM_south_08,60.4536,55.3538,1002.11955,79.1146,85.80034220507946,-1.2741658435569023,0.9827434710950187,1.327,-59.45,36.47,grid125,48.9102,1.211,983.40486,94.9454,350.67484,-6.53196,164.09,0.9809,-33.2285,26.3811,lvmSFrame-00005680.fits,sdsswork/lvm/spectro/redux/1.2.0/1028XX/1028861/60215/lvmSFrame-00005680.fits,sdsswork/data/agcam/lco/60215/coadds/lvm.sci.coadd_s00005680.fits,60177,84.7760778201631,-1.9209343937296175,-62.29132308996298,NGC2024,84.7760778201631,-1.9209343937296175,-153.76913627316296,-16.940754711378602
1028XX,1028741,60215,5681,900.0,1,0,0,1.2.0,0,tile_id=1000993,2023-09-28T08:09:14.019,6.13482959001767e-14,3.09550476740236e-14,2.08697061885279e-14,6.40469785861586e-14,3.20306845044997e-14,2.15519639758262e-14,6.28863976971434e-14,3.151589951154e-14,2.0903301808966e-14,MOD,83.87606132217422,-3.3456483059490756,-62.334847137946596,1.227,-24.13,35.87,54.564,826.83117,92.6718,85.80030936649692,-1.274066707125559,1.2548385583995467,1.273,-56.0,35.53,grid125,51.7399,2.8263,813.6148,94.8201,70.85955792192563,-56.12803610926237,1.0917770810979828,1.138,-66.58,36.47,WHAM_south_08,61.5106,53.8041,829.21175,79.1151,350.80384,-6.44487,164.23,0.9813,-29.873,22.8297,lvmSFrame-00005681.fits,sdsswork/lvm/spectro/redux/1.2.0/1028XX/1028741/60215/lvmSFrame-00005681.fits,sdsswork/data/agcam/lco/60215/coadds/lvm.sci.coadd_s00005681.fits,60177,83.87606132217422,-3.3456483059490756,-62.334847137946596,NGC2024,83.87606132217422,-3.3456483059490756,-152.88302715330698,-18.398591824277755
1028XX,1028772,60215,5683,900.0,1,0,0,1.2.0,0,tile_id=1001024,2023-09-28T08:42:23.132,6.16045921606259e-14,3.07625904543499e-14,2.06772954403378e-14,6.48268892704943e-14,3.1336772616889e-14,2.04372146777372e-14,6.16543835884847e-14,3.05375603707637e-14,2.07038633970158e-14,MOD,84.29765982159732,-3.362257189990142,-62.3016126869939,1.163,-17.29,35.87,59.2527,506.27679,92.832,85.80029693314015,-1.2741158334171168,1.1708691356885856,1.196,-48.63,35.53,grid125,56.6879,2.5718,501.61775,94.5579,70.85950206075097,-56.127992638740075,1.0922033493534915,1.124,-61.54,36.47,WHAM_south_08,62.7718,53.8542,510.42786,79.1096,351.07328,-6.27112,164.53,0.982,-23.0033,15.7295,lvmSFrame-00005683.fits,sdsswork/lvm/spectro/redux/1.2.0/1028XX/1028772/60215/lvmSFrame-00005683.fits,sdsswork/data/agcam/lco/60215/coadds/lvm.sci.coadd_s00005683.fits,60177,84.29765982159732,-3.362257189990142,-62.3016126869939,NGC2024,84.29765982159732,-3.362257189990142,-152.66299868334337,-18.032899144452976
1028XX,1028710,60216,5748,900.0,1,0,0,1.2.0,0,tile_id=1000962,2023-09-29T06:26:37.380,6.00553978275758e-14,3.04797157378464e-14,2.04714716208552e-14,8.35941805615833e-14,3.46831525152023e-14,2.17512456824387e-14,6.23102144018999e-14,3.11124472687386e-14,2.05330472239279e-14,MOD,83.45455148188195,-3.328888033172209,-62.35051587659207,1.697,-44.66,35.9,36.0797,1928.85332,79.9594,85.8002919426763,-1.2740264624438555,1.5763653294089741,1.836,-77.16,35.38,grid125,32.9859,3.117,1865.67029,82.2847,21.01859628882362,-22.92707156343283,0.7676375477641854,1.025,-33.88,36.37,WHAM_south_02,77.2283,63.3791,4284.26786,28.668,3.5207,0.14242,177.42,0.9995,-48.5316,49.0899,lvmSFrame-00005748.fits,sdsswork/lvm/spectro/redux/1.2.0/1028XX/1028710/60216/lvmSFrame-00005748.fits,sdsswork/data/agcam/lco/60216/coadds/lvm.sci.coadd_s00005748.fits,60177,83.45455148188195,-3.328888033172209,-62.35051587659207,NGC2024,83.45455148188195,-3.328888033172209,-153.10392783228826,-18.76397819027237
1028XX,1028803,60216,5749,900.0,1,0,0,1.2.0,0,tile_id=1001055,2023-09-29T06:43:30.979,5.98498325081557e-14,3.02873299714579e-14,2.03756123845615e-14,1.61099951445793e-13,3.51339487035002e-14,2.17149689420767e-14,6.08055215202252e-14,3.03811762239072e-14,2.0404694950513e-14,MOD,84.71921856368886,-3.378771586758649,-62.28351167942644,1.604,-42.26,35.9,38.5531,1722.28465,81.1275,85.80032593136079,-1.274069713411172,1.5393626868069108,1.683,-73.66,35.38,grid125,36.4491,2.3657,1701.88026,82.1865,21.018583506730927,-22.927004195752048,0.7881001772316066,1.041,-31.17,36.37,WHAM_south_02,73.8023,64.5128,3828.7806,28.679,3.62088,0.22637,177.54,0.9995,-45.7773,46.1878,lvmSFrame-00005749.fits,sdsswork/lvm/spectro/redux/1.2.0/1028XX/1028803/60216/lvmSFrame-00005749.fits,sdsswork/data/agcam/lco/60216/coadds/lvm.sci.coadd_s00005749.fits,60177,84.71921856368886,-3.378771586758649,-62.28351167942644,NGC2024,84.71921856368886,-3.378771586758649,-152.44382790874673,-17.667046798463357
1028XX,1028798,60216,5750,900.0,1,0,0,1.2.0,0,tile_id=1001050,2023-09-29T07:00:27.236,6.01631854011107e-14,3.06102779587436e-14,2.05480877045958e-14,6.24618382401296e-14,3.09747625266213e-14,1.99714283299801e-14,6.10520809531092e-14,3.07802801588892e-14,2.05686693596025e-14,MOD,83.73789375226903,-1.5150498416858391,-62.3127444272325,1.505,-37.49,35.9,41.6102,1574.02191,80.026,21.018580441133924,-22.927105715897554,1.1727451777065871,1.063,-28.76,35.38,WHAM_south_02,70.2334,64.3868,3360.43881,28.689,85.80028147672064,-1.2740924632765414,1.136709776900201,1.56,-69.89,36.37,grid125,39.8452,2.0758,1529.27749,82.0854,3.72393,0.31041,177.66,0.9996,-42.8315,43.1286,lvmSFrame-00005750.fits,sdsswork/lvm/spectro/redux/1.2.0/1028XX/1028798/60216/lvmSFrame-00005750.fits,sdsswork/data/agcam/lco/60216/coadds/lvm.sci.coadd_s00005750.fits,60177,83.73789375226903,-1.5150498416858391,-62.3127444272325,NGC2024,83.73789375226903,-1.5150498416858391,-154.65393180773054,-17.667395767845534
1028XX,1028833,60216,5751,900.0,1,0,0,1.2.0,0,tile_id=1001085,2023-09-29T07:17:22.285,6.01799603944474e-14,3.03818111375675e-14,2.04828819670059e-14,1.07496253739618e-13,3.16364821322656e-14,2.12346978648881e-14,6.08711517876858e-14,3.04042492183171e-14,2.05136949031095e-14,MOD,84.94414817007357,-3.0224588116510156,-62.255300404960586,1.416,-35.27,35.9,44.9195,1362.2241,81.1481,21.018544232396163,-22.926985736691535,1.199577261852324,1.09,-26.25,35.38,WHAM_south_02,66.5989,64.8625,2890.23613,28.6977,85.80030691273153,-1.274153365084277,1.0860433772762519,1.462,-66.27,36.37,grid125,43.1426,1.9464,1351.39374,81.9816,3.82973,0.39419,177.78,0.9996,-39.7386,39.9524,lvmSFrame-00005751.fits,sdsswork/lvm/spectro/redux/1.2.0/1028XX/1028833/60216/lvmSFrame-00005751.fits,sdsswork/data/agcam/lco/60216/coadds/lvm.sci.coadd_s00005751.fits,60177,84.94414817007357,-3.0224588116510156,-62.255300404960586,NGC2024,84.94414817007357,-3.0224588116510156,-152.6667048037968,-17.30344710863318
1028XX,1028863,60216,5752,900.0,1,0,0,1.2.0,0,tile_id=1001115,2023-09-29T07:35:35.970,6.02018933141298e-14,3.03748332621996e-14,2.04315197336504e-14,8.72685980355323e-14,3.12965786155423e-14,2.14999201587315e-14,6.07477362649936e-14,3.0394773748105e-14,2.04458177712448e-14,MOD,85.16894513263091,-2.666134285316921,-62.278975959353865,1.346,-31.49,35.9,47.9713,1163.27843,81.2544,85.80026679070077,-1.2740270299215437,1.3794162559759966,1.377,-62.53,35.38,grid125,46.5623,1.5284,1157.22365,81.8662,21.01856404721392,-22.927058161169292,0.8849532190791773,1.126,-23.45,36.37,WHAM_south_02,62.6405,65.2126,2392.17377,28.7057,3.94723,0.48427,177.91,0.9997,-36.2687,36.4221,lvmSFrame-00005752.fits,sdsswork/lvm/spectro/redux/1.2.0/1028XX/1028863/60216/lvmSFrame-00005752.fits,sdsswork/data/agcam/lco/60216/coadds/lvm.sci.coadd_s00005752.fits,60177,85.16894513263091,-2.666134285316921,-62.278975959353865,NGC2024,85.16894513263091,-2.666134285316921,-152.88866245285953,-16.9396049547344
1028XX,1028829,60216,5753,900.0,1,0,0,1.2.0,0,tile_id=1001081,2023-09-29T07:52:20.672,6.03064746448353e-14,3.04027017297578e-14,2.0532991209789e-14,6.18184018451721e-14,3.07197225480788e-14,1.98891093940486e-14,6.02483118118711e-14,3.00940954520246e-14,2.05367433626817e-14,MOD,84.15885782541956,-1.5317018110785583,-62.293734383126335,1.289,-26.61,35.9,50.8596,997.25346,80.1197,85.80028395809207,-1.2740536619343044,1.3399038218291501,1.314,-58.86,35.38,grid125,49.5511,1.661,980.10435,81.7569,70.85950527322865,-56.12796988802529,1.089657467391891,1.146,-68.59,36.37,WHAM_south_08,60.7091,55.6399,990.22499,77.7999,4.0586,0.56684,178.03,0.9997,-32.9785,33.0997,lvmSFrame-00005753.fits,sdsswork/lvm/spectro/redux/1.2.0/1028XX/1028829/60216/lvmSFrame-00005753.fits,sdsswork/data/agcam/lco/60216/coadds/lvm.sci.coadd_s00005753.fits,60177,84.15885782541956,-1.5317018110785583,-62.293734383126335,NGC2024,84.15885782541956,-1.5317018110785583,-154.4312136431509,-17.30375062790022
1028XX,1028860,60216,5754,900.0,1,0,0,1.2.0,0,tile_id=1001112,2023-09-29T08:08:58.440,6.03304642267672e-14,3.03261649348593e-14,2.0548834628775e-14,6.1341189002148e-14,3.08147648986508e-14,2.04541076899818e-14,6.10185762044179e-14,3.04254666814179e-14,2.06016036894922e-14,MOD,84.57985577993765,-1.5482635838553873,-62.28312967825467,1.246,-23.33,35.9,53.324,818.24601,80.4291,70.85952969917268,-56.128038934562454,1.5426541900344652,1.135,-66.22,35.38,WHAM_south_08,61.7079,55.6899,818.14662,77.8099,85.80031521092667,-1.274132357625843,0.9512800066586549,1.263,-54.97,36.37,grid125,52.3374,1.2505,808.91876,81.6448,4.17267,0.64865,178.15,0.9997,-29.6317,29.7398,lvmSFrame-00005754.fits,sdsswork/lvm/spectro/redux/1.2.0/1028XX/1028860/60216/lvmSFrame-00005754.fits,sdsswork/data/agcam/lco/60216/coadds/lvm.sci.coadd_s00005754.fits,60177,84.57985577993765,-1.5482635838553873,-62.28312967825467,NGC2024,84.57985577993765,-1.5482635838553873,-154.20936836991274,-16.93983291372208
0011XX,11111,60222,6109,900.0,1,0,0,1.2.0,0,Rosette,2023-10-05T06:54:20.948,6.00551139214189e-14,3.04106861171832e-14,2.04738954040981e-14,3.94646704828936e-14,1.98059932523994e-14,1.50456487473427e-14,5.97490290643134e-14,3.01231937126101e-14,2.05684119076562e-14,MOD,97.60028649041392,4.921587323155533,0.6497366472238725,1.986,-75.77,35.44,30.1989,1363.15651,25.903,21.018530632943744,-22.92706213980391,1.2694090445128028,1.091,-26.16,35.15,None,66.4763,79.6584,3314.30097,81.8012,88.6538714454724,1.805910663558865,1.086209724268714,1.586,-67.94,36.07,None,39.081,9.4578,1548.66408,26.9995,86.89535,28.75327,255.88,0.6232,-41.9074,20.3649,lvmSFrame-00006109.fits,sdsswork/lvm/spectro/redux/1.2.0/0011XX/11111/60222/lvmSFrame-00006109.fits,sdsswork/data/agcam/lco/60222/coadds/lvm.sci.coadd_s00006109.fits,60177,97.60028649041392,4.921587323155533,0.6497366472238725,NGC2237,97.60028649041392,4.921587323155533,-153.85060030685423,-2.41612522593906
0011XX,11111,60222,6110,900.0,1,0,0,1.2.0,0,Rosette,2023-10-05T07:11:50.502,6.06349974643804e-14,3.06419066196038e-14,2.05870643115702e-14,5.48523138541298e-14,2.9121578479901e-14,1.93240800668444e-14,6.07071510081266e-14,3.02324528976027e-14,2.05945692053261e-14,MOD,97.79520929013825,4.548211343964809,0.602654351223733,1.801,-72.29,35.44,33.6922,1204.12801,26.3034,88.65377241783848,1.806078388458542,1.2540849927138624,1.484,-64.34,35.15,None,42.3428,9.5295,1357.88953,27.0208,21.01853879226653,-22.92706502902335,0.8350545561078023,1.126,-23.47,36.07,None,62.6772,79.6814,2855.49386,81.9048,87.01442,28.78162,255.97,0.6224,-38.8276,22.5309,lvmSFrame-00006110.fits,sdsswork/lvm/spectro/redux/1.2.0/0011XX/11111/60222/lvmSFrame-00006110.fits,sdsswork/data/agcam/lco/60222/coadds/lvm.sci.coadd_s00006110.fits,60177,97.79520929013825,4.548211343964809,0.602654351223733,NGC2237,97.79520929013825,4.548211343964809,-153.4293392576218,-2.416080221849412
0011XX,11111,60222,6111,900.0,1,0,0,1.2.0,0,Rosette,2023-10-05T07:29:01.392,6.10445779034521e-14,3.06354258242301e-14,2.07186393008793e-14,6.27935972374714e-14,2.7203265927153e-14,1.98238376549902e-14,6.08360674450709e-14,3.07338020565317e-14,2.07199432469054e-14,MOD,97.827622539539,5.2765552599027,0.5605439631135817,1.683,-68.48,35.44,36.4308,1048.80702,25.6208,100.17873820160501,8.967179770349073,1.35540690114894,1.875,-69.42,35.15,None,32.2137,4.3659,1021.16921,23.3231,70.85952193822412,-56.127982297136526,1.0393977222240454,1.146,-68.55,36.07,None,60.7268,65.2744,1142.42577,86.0595,87.12835,28.80758,256.06,0.6217,-35.6603,24.4843,lvmSFrame-00006111.fits,sdsswork/lvm/spectro/redux/1.2.0/0011XX/11111/60222/lvmSFrame-00006111.fits,sdsswork/data/agcam/lco/60222/coadds/lvm.sci.coadd_s00006111.fits,60177,97.827622539539,5.2765552599027,0.5605439631135817,NGC2237,97.827622539539,5.2765552599027,-154.0611163949529,-2.0513980008743076
0011XX,11111,60222,6112,900.0,1,0,0,1.2.0,0,Rosette,2023-10-05T07:45:57.566,6.05868910253569e-14,3.04659118620335e-14,2.05174865911578e-14,6.1940464254894e-14,3.05012601102708e-14,2.04944587966069e-14,6.14990867163534e-14,3.06142243815309e-14,2.06107726386986e-14,MOD,98.0225659276654,4.903134770610664,0.5109805115373661,1.567,-64.98,35.44,39.6169,890.83656,26.0203,70.85955346164687,-56.12813713959679,2.1556199264034372,1.135,-66.13,35.15,None,61.7371,64.9702,967.91991,86.0981,100.17873742113203,8.96711609763449,1.1439245882652755,1.733,-65.44,36.07,None,35.226,4.593,872.19102,23.2888,87.23801,28.83123,256.15,0.6209,-32.4241,26.2247,lvmSFrame-00006112.fits,sdsswork/lvm/spectro/redux/1.2.0/0011XX/11111/60222/lvmSFrame-00006112.fits,sdsswork/data/agcam/lco/60222/coadds/lvm.sci.coadd_s00006112.fits,60177,98.0225659276654,4.903134770610664,0.5109805115373661,NGC2237,98.0225659276654,4.903134770610664,-153.63995869379386,-2.0513643579611873
0011XX,11111,60222,6113,900.0,1,0,0,1.2.0,0,Rosette,2023-10-05T08:03:00.083,6.05192499589102e-14,3.04446986673051e-14,2.04335098791577e-14,6.70258881992268e-14,3.03427763462292e-14,2.11664019777799e-14,6.05896065025397e-14,3.02180299253658e-14,2.049584600334e-14,MOD,98.21719980098936,4.529618243226223,0.46745390862374847,1.474,-61.41,35.44,42.7115,735.22083,26.4188,100.17864865504718,8.967205878996042,1.2475758296616446,1.619,-61.79,35.15,None,38.1109,4.8461,723.36235,23.254,70.85952126451659,-56.12805388426372,1.0528947742197183,1.128,-63.32,36.07,None,62.4583,64.6665,795.68508,86.1345,87.34603,28.85302,256.23,0.6202,-29.0729,27.7742,lvmSFrame-00006113.fits,sdsswork/lvm/spectro/redux/1.2.0/0011XX/11111/60222/lvmSFrame-00006113.fits,sdsswork/data/agcam/lco/60222/coadds/lvm.sci.coadd_s00006113.fits,60177,98.21719980098936,4.529618243226223,0.46745390862374847,NGC2237,98.21719980098936,4.529618243226223,-153.21880794669687,-2.0513193003935832
0011XX,11111,60222,6114,900.0,1,0,0,1.2.0,0,Rosette,2023-10-05T08:19:56.495,6.07681269520159e-14,3.05794458790997e-14,2.04164219232024e-14,5.76660103879927e-14,2.8416803512278e-14,1.92183202628315e-14,6.13431813046465e-14,3.07926278606224e-14,2.04498622106412e-14,MOD,98.2500959245244,5.258060732119359,0.4273840535438693,1.416,-57.41,35.44,44.9017,588.59657,25.7341,70.85946223369412,-56.12803640140768,2.1673123491805217,1.124,-60.99,35.15,None,62.8561,65.3745,631.95078,86.1685,100.17873597035579,8.967110033317612,1.0261149307343425,1.53,-57.65,36.07,None,40.807,4.1735,580.05573,23.2194,87.45139,28.8726,256.31,0.6195,-25.6634,29.0981,lvmSFrame-00006114.fits,sdsswork/lvm/spectro/redux/1.2.0/0011XX/11111/60222/lvmSFrame-00006114.fits,sdsswork/data/agcam/lco/60222/coadds/lvm.sci.coadd_s00006114.fits,60177,98.2500959245244,5.258060732119359,0.4273840535438693,NGC2237,98.2500959245244,5.258060732119359,-153.85058403412094,-1.6866446339671204
0011XX,11111,60222,6115,900.0,1,0,0,1.2.0,0,Rosette,2023-10-05T08:36:59.418,6.20191060769314e-14,3.11312853060671e-14,2.08217080573605e-14,6.21929378944669e-14,3.11303375326949e-14,2.04872895445384e-14,6.14165250766314e-14,3.0551014104831e-14,2.07633537936818e-14,MOD,98.44480021448713,4.884394679529306,0.3809552872030566,1.353,-53.75,35.44,47.6512,448.95153,26.13,70.85952104440925,-56.127923535510845,2.1821474675065424,1.123,-58.48,35.15,None,62.9199,65.071,478.86824,86.2003,100.17878524832392,8.967058128397625,0.9561539114255986,1.457,-53.62,36.07,None,43.3168,4.4306,444.21716,23.1838,87.55574,28.89017,256.39,0.6189,-22.1665,30.1978,lvmSFrame-00006115.fits,sdsswork/lvm/spectro/redux/1.2.0/0011XX/11111/60222/lvmSFrame-00006115.fits,sdsswork/data/agcam/lco/60222/coadds/lvm.sci.coadd_s00006115.fits,60177,98.44480021448713,4.884394679529306,0.3809552872030566,NGC2237,98.44480021448713,4.884394679529306,-153.42940306538705,-1.6866053166308732
0011XX,11111,60228,6445,900.0,1,0,0,1.2.0,0,Rosette,2023-10-11T07:03:51.427,6.15926888538701e-14,3.07030416058877e-14,2.06672488845026e-14,5.94582829503745e-14,3.00194785882958e-14,1.98854910994399e-14,6.19134785755771e-14,3.08122616654411e-14,2.06415105644272e-14,MOD,97.17799473199791,4.9395294172548425,0.5237579830702158,1.667,-68.32,36.19,36.8443,1292.89984,65.2369,100.17868183163964,8.967234251862134,1.4532876122531764,1.89,-69.76,35.74,None,31.9264,5.0091,1254.02873,61.6058,70.85948422536953,-56.1279977244036,1.0499277259976372,1.148,-68.8,36.63,None,60.6186,64.772,1298.65875,101.0888,162.88197,12.03289,322.03,0.1063,-38.3257,-21.6423,lvmSFrame-00006445.fits,sdsswork/lvm/spectro/redux/1.2.0/0011XX/11111/60228/lvmSFrame-00006445.fits,sdsswork/data/agcam/lco/60228/coadds/lvm.sci.coadd_s00006445.fits,60177,97.17799473199791,4.9395294172548425,0.5237579830702158,NGC2237,97.17799473199791,4.9395294172548425,-154.06113309615412,-2.780956827496765
0011XX,11111,60228,6446,900.0,1,0,0,1.2.0,0,Rosette,2023-10-11T07:20:54.804,6.32296804433703e-14,3.13199085703007e-14,2.10177254573777e-14,6.06451502900582e-14,3.05056830659813e-14,2.03171633766097e-14,6.40694627114843e-14,3.16748799461391e-14,2.11889171127279e-14,MOD,97.37309698857833,4.5663512212705415,0.4506549820505532,1.553,-64.79,36.19,40.0543,1116.65775,65.2595,100.1787356814197,8.967153571431668,1.396745671219413,1.744,-65.98,35.74,None,34.9719,5.2082,1089.97532,61.7509,70.85950363841512,-56.12800662839769,1.0784175896970425,1.136,-66.15,36.63,None,61.6611,64.4665,1129.95284,101.1281,163.02725,11.98278,322.17,0.1056,-35.3079,-18.0122,lvmSFrame-00006446.fits,sdsswork/lvm/spectro/redux/1.2.0/0011XX/11111/60228/lvmSFrame-00006446.fits,sdsswork/data/agcam/lco/60228/coadds/lvm.sci.coadd_s00006446.fits,60177,97.37309698857833,4.5663512212705415,0.4506549820505532,NGC2237,97.37309698857833,4.5663512212705415,-153.6398455743478,-2.7809929360374355
0011XX,11111,60228,6447,900.0,1,0,0,1.2.0,0,Rosette,2023-10-11T07:37:55.350,6.17482360021529e-14,3.05209215006558e-14,2.06709279428326e-14,5.94895637651683e-14,3.13170225789173e-14,2.09357035385661e-14,6.15010922738879e-14,3.00429904223186e-14,2.06286014363194e-14,MOD,97.56784138701764,4.19320238344207,0.4194979452921736,1.462,-61.23,36.19,43.1445,943.3032,65.2783,70.85954782956641,-56.12810776528967,1.4050671204512883,1.128,-63.76,35.74,None,62.4075,64.1619,960.08669,101.1652,100.17873778414595,8.967086557956167,1.0894576851767994,1.628,-61.92,36.63,None,37.865,5.4326,925.91101,61.8917,163.16803,11.93285,322.3,0.1049,-32.1687,-14.3963,lvmSFrame-00006447.fits,sdsswork/lvm/spectro/redux/1.2.0/0011XX/11111/60228/lvmSFrame-00006447.fits,sdsswork/data/agcam/lco/60228/coadds/lvm.sci.coadd_s00006447.fits,60177,97.56784138701764,4.19320238344207,0.4194979452921736,NGC2237,97.56784138701764,4.19320238344207,-153.21870232414898,-2.7809782132644063
0011XX,11111,60228,6448,900.0,1,0,0,1.2.0,0,Rosette,2023-10-11T07:55:06.503,6.24618537619298e-14,3.12061962685698e-14,2.10280349215567e-14,6.24927432419491e-14,2.87359791843043e-14,2.07554702389006e-14,6.33073883007096e-14,3.13810436133977e-14,2.10916742911996e-14,MOD,97.40494094066365,5.294533783673413,0.3725811250216837,1.409,-56.91,36.19,45.2025,779.25398,65.3636,70.8595233581514,-56.12802523781847,1.425695676421933,1.124,-61.17,35.74,None,62.8378,65.1754,790.87548,101.2003,100.17874652360592,8.967066685010154,1.0376078734885128,1.535,-57.94,36.63,None,40.6153,4.5891,763.21234,62.0299,163.30606,11.88239,322.44,0.1042,-28.8868,-10.7506,lvmSFrame-00006448.fits,sdsswork/lvm/spectro/redux/1.2.0/0011XX/11111/60228/lvmSFrame-00006448.fits,sdsswork/data/agcam/lco/60228/coadds/lvm.sci.coadd_s00006448.fits,60177,97.40494094066365,5.294533783673413,0.3725811250216837,NGC2237,97.40494094066365,5.294533783673413,-154.27162442068067,-2.416392110774677
0011XX,11111,60228,6449,900.0,1,0,0,1.2.0,0,Rosette,2023-10-11T08:12:15.443,6.23192813547521e-14,3.11362788720058e-14,2.08864325266933e-14,6.0907221062971e-14,3.14967643163898e-14,2.08433993793499e-14,6.25816069896612e-14,3.10035746814677e-14,2.09400742535964e-14,MOD,97.98952369988031,4.17469847242214,0.3284876933358011,1.338,-53.78,36.19,48.3267,614.2024,65.1334,70.85952269569647,-56.128003936154165,1.4285006790418764,1.123,-58.64,35.74,None,62.926,64.2619,628.69303,101.2329,100.178796546645,8.9670497446809,0.975362654813648,1.462,-53.89,36.63,None,43.1553,5.2625,607.6465,62.1636,163.43951,11.83196,322.56,0.1035,-25.5194,-7.1245,lvmSFrame-00006449.fits,sdsswork/lvm/spectro/redux/1.2.0/0011XX/11111/60228/lvmSFrame-00006449.fits,sdsswork/data/agcam/lco/60228/coadds/lvm.sci.coadd_s00006449.fits,60177,97.98952369988031,4.17469847242214,0.3284876933358011,NGC2237,97.98952369988031,4.17469847242214,-153.00819007187488,-2.4163034429359174
0011XX,11111,60228,6450,900.0,1,0,0,1.2.0,0,Rosette,2023-10-11T08:29:33.790,6.2423875059931e-14,3.10583920978679e-14,2.07420805724253e-14,6.04576559712372e-14,3.0984071356447e-14,2.05674526674306e-14,6.26911443722874e-14,3.10817787599401e-14,2.07946833310346e-14,SCI,97.63206311474393,5.649719683851216,0.2818518584910771,1.312,-49.0,36.19,49.6114,468.08593,65.3357,100.1787533913046,8.967161814067925,1.1520515068485528,1.402,-49.96,35.74,None,45.4754,4.1694,461.37013,62.2944,70.85944197316567,-56.128058345547394,1.1012057495789644,1.126,-55.93,36.63,None,62.6658,65.5791,476.13663,101.2634,163.56982,11.78093,322.69,0.1028,-22.0427,-3.4811,lvmSFrame-00006450.fits,sdsswork/lvm/spectro/redux/1.2.0/0011XX/11111/60228/lvmSFrame-00006450.fits,sdsswork/data/agcam/lco/60228/coadds/lvm.sci.coadd_s00006450.fits,60177,97.63206311474393,5.649719683851216,0.2818518584910771,NGC2237,97.63206311474393,5.649719683851216,-154.48227621656218,-2.051747572796427
0011XX,11111,60231,6634,900.0,1,0,0,1.2.0,0,Rosette,2023-10-14T06:39:00.274,6.00436929209108e-14,3.01588231238791e-14,2.00112763578058e-14,1.3369442043878e-13,7.00121100198883e-14,4.66785296751053e-14,6.04799812171854e-14,3.00833680166566e-14,2.01075071286996e-14,SCI,98.41150199510116,4.156030330078075,0.5545962911738049,1.789,-72.34,36.07,33.96,1514.57625,96.5366,88.65387190799068,1.805940876166443,1.2278074448610843,1.471,-63.78,35.69,None,42.8056,10.0231,1728.88291,106.0847,21.018610788931454,-22.92699530572331,0.7968683249812627,1.131,-23.12,36.56,None,62.1219,80.0807,3265.95086,151.7669,194.64885,-4.6118,354.72,0.0021,-41.4478,-41.2253,lvmSFrame-00006634.fits,sdsswork/lvm/spectro/redux/1.2.0/0011XX/11111/60231/lvmSFrame-00006634.fits,sdsswork/data/agcam/lco/60231/coadds/lvm.sci.coadd_s00006634.fits,60177,98.41150199510116,4.156030330078075,0.5545962911738049,NGC2237,98.41150199510116,4.156030330078075,-152.79770005376747,-2.0512881906923544
0011XX,11111,60231,6635,900.0,1,0,0,1.2.0,0,Rosette,2023-10-14T06:57:32.090,6.09580851376637e-14,3.06624870356711e-14,2.07285791688851e-14,5.74848764200037e-14,3.00489988337327e-14,2.03809389791896e-14,6.15129393097472e-14,3.10106293422197e-14,2.07813402959578e-14,MOD,98.05510991098146,5.631601530630545,0.49311245145372345,1.671,-67.76,36.07,36.7382,1343.62705,97.1907,70.85955196527678,-56.1280491170994,1.3803150386738903,1.143,-68.15,35.69,None,60.9829,65.6785,1309.32338,104.039,100.1787603452042,8.967100685945105,1.1540436455379013,1.839,-68.35,36.56,None,32.9178,3.9448,1320.36058,95.3198,194.8384,-4.68844,354.9,0.002,-38.4546,-38.0074,lvmSFrame-00006635.fits,sdsswork/lvm/spectro/redux/1.2.0/0011XX/11111/60231/lvmSFrame-00006635.fits,sdsswork/data/agcam/lco/60231/coadds/lvm.sci.coadd_s00006635.fits,60177,98.05510991098146,5.631601530630545,0.49311245145372345,NGC2237,98.05510991098146,5.631601530630545,-154.27172947064983,-1.6866650338650107
0011XX,11111,60231,6636,900.0,1,0,0,1.2.0,0,Rosette,2023-10-14T07:14:36.054,6.12349747212251e-14,3.07571252856513e-14,2.08502541798121e-14,5.47286547799578e-14,2.76395796069751e-14,1.93891157077999e-14,6.19137801358095e-14,3.09283422215033e-14,2.09442832069977e-14,MOD,98.63919154499112,4.510662567546922,0.429814095554545,1.549,-64.71,36.07,40.1723,1153.25088,96.7056,70.85952251518087,-56.128008368088175,1.3920834674244351,1.133,-65.51,35.69,None,61.9348,64.7683,1144.68098,104.0581,100.17879163798952,8.96705109049158,1.0900951255108053,1.704,-64.54,36.56,None,35.9212,4.7113,1148.14404,95.4997,195.01025,-4.75939,355.06,0.0019,-35.5223,-34.9165,lvmSFrame-00006636.fits,sdsswork/lvm/spectro/redux/1.2.0/0011XX/11111/60231/lvmSFrame-00006636.fits,sdsswork/data/agcam/lco/60231/coadds/lvm.sci.coadd_s00006636.fits,60177,98.63919154499112,4.510662567546922,0.429814095554545,NGC2237,98.63919154499112,4.510662567546922,-153.00825731061718,-1.686564520565899
0011XX,11111,60231,6637,900.0,1,0,0,1.2.0,0,Rosette,2023-10-14T07:31:32.651,6.20752186786502e-14,3.09081881635317e-14,2.08363827641408e-14,5.84788921143229e-14,3.02321598557963e-14,1.99227315428274e-14,6.28056335696782e-14,3.11786822746174e-14,2.09211075250927e-14,MOD,98.4778587158158,5.612946643532643,0.3661152125885161,1.483,-60.52,36.07,42.3891,986.46597,97.1194,100.17872208953638,8.967187446681889,1.267279187910243,1.597,-60.88,35.69,None,38.7517,3.7545,977.19909,95.6757,70.85953960425213,-56.1280578308976,1.0153537506380297,1.127,-62.73,36.56,None,62.5791,65.779,978.59036,104.0752,195.17805,-4.83015,355.23,0.0017,-32.4714,-31.7469,lvmSFrame-00006637.fits,sdsswork/lvm/spectro/redux/1.2.0/0011XX/11111/60231/lvmSFrame-00006637.fits,sdsswork/data/agcam/lco/60231/coadds/lvm.sci.coadd_s00006637.fits,60177,98.4778587158158,5.612946643532643,0.3661152125885161,NGC2237,98.4778587158158,5.612946643532643,-154.06118042340856,-1.3219061942288268
0011XX,11111,60231,6638,900.0,1,0,0,1.2.0,0,Rosette,2023-10-14T07:48:27.358,6.14218715147063e-14,3.04970805446138e-14,2.0820508524123e-14,5.53222413933729e-14,2.92725083876161e-14,1.97467066110065e-14,6.21063115171572e-14,3.07410994927869e-14,2.08634028902887e-14,MOD,98.67258798526966,5.239191983647484,0.30183764936077884,1.407,-56.91,36.07,45.2615,814.39415,97.0678,100.17873441257544,8.96711904485216,1.1955343727355305,1.511,-56.94,35.69,None,41.3998,4.0163,810.03748,95.8483,70.85949100398011,-56.127988570895404,1.029056625195724,1.123,-60.2,36.56,None,62.9003,65.4759,814.06996,104.0905,195.34254,-4.9011,355.38,0.0016,-29.3093,-28.4987,lvmSFrame-00006638.fits,sdsswork/lvm/spectro/redux/1.2.0/0011XX/11111/60231/lvmSFrame-00006638.fits,sdsswork/data/agcam/lco/60231/coadds/lvm.sci.coadd_s00006638.fits,60177,98.67258798526966,5.239191983647484,0.30183764936077884,NGC2237,98.67258798526966,5.239191983647484,-153.64003054564145,-1.3218710381347596
0011XX,11111,60231,6639,900.0,1,0,0,1.2.0,0,Rosette,2023-10-14T08:05:46.684,6.04067425234256e-14,3.01857763693476e-14,2.05305469738116e-14,5.34904197423203e-14,2.78937640768084e-14,1.86091698565604e-14,6.14211693781236e-14,3.03397617991888e-14,2.05889540900818e-14,MOD,98.86701985632129,4.865316197725786,0.2584553053453566,1.345,-53.17,36.07,48.0239,647.44845,97.016,100.1787839455062,8.967109820839962,1.134438575150956,1.441,-52.83,35.69,None,43.8956,4.3035,646.12355,96.0218,70.85949019973958,-56.127980163422656,1.0402298343461,1.123,-57.66,36.56,None,62.8831,65.1733,651.08257,104.1041,195.50771,-4.9741,355.54,0.0015,-25.9685,-25.0978,lvmSFrame-00006639.fits,sdsswork/lvm/spectro/redux/1.2.0/0011XX/11111/60231/lvmSFrame-00006639.fits,sdsswork/data/agcam/lco/60231/coadds/lvm.sci.coadd_s00006639.fits,60177,98.86701985632129,4.865316197725786,0.2584553053453566,NGC2237,98.86701985632129,4.865316197725786,-153.2188560692048,-1.3218496631137835
1028XX,1028828,60255,7331,900.0,1,0,0,1.2.0,0,tile_id=1028828,2023-11-07T04:52:58.041,6.13234934290613e-14,3.06768067589863e-14,2.06446167294471e-14,5.43167810001327e-14,2.95360800560022e-14,1.98488711859047e-14,6.09166289421304e-14,3.03722103049717e-14,2.0628096143659e-14,MOD,83.96283224166056,-1.158931880549824,62.226045025216806,1.387,-94.37,35.98,46.1178,3284.91585,75.1946,85.8002155590701,-1.2740170082425673,1.2887679762181077,1.418,-64.55,35.78,grid125,44.8355,1.8406,3188.73768,73.45,21.018575994687936,-22.927049631292142,0.8029797050326977,1.106,-24.75,36.56,WHAM_south_02,64.6636,64.7406,2788.0089,138.7636,158.38237,14.08788,290.53,0.3258,-44.3428,-24.0438,lvmSFrame-00007331.fits,sdsswork/lvm/spectro/redux/1.2.0/1028XX/1028828/60255/lvmSFrame-00007331.fits,sdsswork/data/agcam/lco/60255/coadds/lvm.sci.coadd_s00007331.fits,60255,83.96283224166056,-1.158931880549824,62.226045025216806,NGC2024,83.96283224166056,-1.158931880549824,-154.87231133302285,-17.301328808947183
1028XX,1028893,60255,7332,900.0,1,0,0,1.2.0,0,tile_id=1028893,2023-11-07T05:09:49.049,6.14302514776464e-14,3.07182441330116e-14,2.06525544508979e-14,5.72571946780808e-14,2.89955648569052e-14,2.12089548806619e-14,6.14363319522972e-14,3.052188966338e-14,2.0667335127151e-14,MOD,85.39364081172556,-2.3097729880005193,62.158924921840466,1.326,-92.18,35.98,48.9429,2922.65048,74.2505,21.018538764870208,-22.927079881633034,1.1166596956916943,1.143,-22.62,35.78,WHAM_south_02,60.9926,65.5632,2768.06326,138.8837,85.80027393321654,-1.2740378114047821,0.9690576246469326,1.347,-60.67,36.56,grid125,47.9289,1.1126,2962.68987,73.5873,158.52918,14.04258,290.67,0.3247,-43.5921,-20.4673,lvmSFrame-00007332.fits,sdsswork/lvm/spectro/redux/1.2.0/1028XX/1028893/60255/lvmSFrame-00007332.fits,sdsswork/data/agcam/lco/60255/coadds/lvm.sci.coadd_s00007332.fits,60255,85.39364081172556,-2.3097729880005193,62.158924921840466,NGC2024,85.39364081172556,-2.3097729880005193,-153.1097450238337,-16.575500445293407
1028XX,1028892,60255,7333,900.0,1,0,0,1.2.0,0,tile_id=1028892,2023-11-07T05:50:06.245,6.28030078053834e-14,3.10112543433718e-14,2.43057628773121e-14,5.37956183833721e-14,2.84756273870435e-14,2.1370574182719e-14,6.14384585134812e-14,3.0346023223903e-14,2.43088522898835e-14,MOD,85.19717115791019,-1.9372216001019678,62.15223441204688,1.214,-83.08,35.7,55.4689,2374.67439,74.6536,70.85954201197374,-56.12801958358047,1.4391303994539024,1.129,-64.01,35.23,WHAM_south_08,62.3461,55.4073,1432.08131,100.4342,85.80029791398118,-1.2740335749918847,0.8682957232381933,1.227,-51.76,36.28,grid125,54.5779,0.8963,2379.97353,73.9,158.86377,13.93458,290.98,0.3222,-40.4707,-11.9475,lvmSFrame-00007333.fits,sdsswork/lvm/spectro/redux/1.2.0/1028XX/1028892/60255/lvmSFrame-00007333.fits,sdsswork/data/agcam/lco/60255/coadds/lvm.sci.coadd_s00007333.fits,60255,85.19717115791019,-1.9372216001019678,62.15223441204688,NGC2024,85.19717115791019,-1.9372216001019678,-153.54912348840705,-16.57605913956013
1028XX,1028891,60255,7334,900.0,1,0,0,1.2.0,0,tile_id=1028891,2023-11-07T06:06:18.237,6.11319965919394e-14,3.04315641934595e-14,2.04588236568174e-14,5.57620964408254e-14,2.91748021152684e-14,1.94235877970591e-14,6.09411406382458e-14,3.00357334066577e-14,2.04498922889322e-14,MOD,85.00086831779497,-1.5646971166144092,62.189469240505495,1.186,-79.28,35.7,57.5021,2148.92312,74.8664,85.80026543611575,-1.2740327260681843,1.1077888036044117,1.194,-48.37,35.23,grid125,56.8424,0.8504,2135.51442,74.0194,70.85951006974791,-56.12804322720648,1.0596814690344354,1.124,-61.36,36.28,WHAM_south_08,62.7915,55.7421,1333.54503,100.4687,158.99163,13.89111,291.1,0.3212,-38.7469,-8.542,lvmSFrame-00007334.fits,sdsswork/lvm/spectro/redux/1.2.0/1028XX/1028891/60255/lvmSFrame-00007334.fits,sdsswork/data/agcam/lco/60255/coadds/lvm.sci.coadd_s00007334.fits,60255,85.00086831779497,-1.5646971166144092,62.189469240505495,NGC2024,85.00086831779497,-1.5646971166144092,-153.98841737844535,-16.575648715580684
1028XX,1028859,60255,7335,900.0,1,0,0,1.2.0,0,tile_id=1028859,2023-11-07T06:22:52.922,6.11799406882786e-14,3.06722069804778e-14,2.0511909174161e-14,6.0632559446291e-14,3.12259788772093e-14,2.03187454776136e-14,6.09017034610597e-14,3.04539068695164e-14,2.05512191463756e-14,MOD,84.38375686783255,-1.1755639183247064,62.236767132820624,1.163,-74.9,35.7,59.3297,1920.62979,75.4826,70.85954250517317,-56.128049651407075,1.4571593318555376,1.123,-59.12,35.23,WHAM_south_08,62.9339,56.0268,1220.44568,100.5017,85.80030829925973,-1.2740467498510009,0.8135468833589466,1.169,-44.48,36.28,grid125,58.8324,1.4196,1883.8766,74.1378,159.11846,13.84652,291.22,0.3202,-36.7431,-5.0742,lvmSFrame-00007335.fits,sdsswork/lvm/spectro/redux/1.2.0/1028XX/1028859/60255/lvmSFrame-00007335.fits,sdsswork/data/agcam/lco/60255/coadds/lvm.sci.coadd_s00007335.fits,60255,84.38375686783255,-1.1755639183247064,62.236767132820624,NGC2024,84.38375686783255,-1.1755639183247064,-154.64957720144054,-16.93791553126546
1028XX,1028804,60255,7339,900.0,1,0,0,1.2.0,0,tile_id=1028804,2023-11-07T08:02:34.983,6.13495578388117e-14,3.05490244932454e-14,2.04541568140712e-14,5.55792024154847e-14,2.93867367446908e-14,1.99859612851984e-14,6.29114188431747e-14,3.09197352582264e-14,2.0510723231139e-14,MOD,84.9158531354139,-3.7514067795258055,62.19511903863722,1.126,-55.85,35.55,62.6461,540.65675,76.2519,85.80029194164915,-1.2741079530915147,1.089923623586968,1.147,-23.61,35.25,grid125,60.6171,2.6301,545.49804,74.7684,70.85947416017841,-56.128003767866986,1.1643664981655195,1.185,-45.19,36.14,WHAM_south_08,57.5557,53.5717,436.93875,100.649,159.79624,13.57226,291.86,0.315,-20.946,15.1609,lvmSFrame-00007339.fits,sdsswork/lvm/spectro/redux/1.2.0/1028XX/1028804/60255/lvmSFrame-00007339.fits,sdsswork/data/agcam/lco/60255/coadds/lvm.sci.coadd_s00007339.fits,60255,84.9158531354139,-3.7514067795258055,62.19511903863722,NGC2024,84.9158531354139,-3.7514067795258055,-152.0018401798008,-17.664029466704772
1028XX,1028711,60266,7912,900.0,1,0,0,1.2.0,0,tile_id=1028711,2023-11-18T04:05:43.561,6.20059109214974e-14,3.0960655309024e-14,2.07344350712542e-14,5.99071204857454e-14,3.22154963337503e-14,2.1097065732291e-14,6.34988083022543e-14,3.14905853213368e-14,2.08233886970614e-14,MOD,83.65067799897407,-3.7016761491066155,62.25166730331239,1.361,-95.62,35.82,47.2929,3438.82104,136.0098,21.018551412102706,-22.926975582331227,1.033468492878864,1.099,-25.53,35.42,WHAM_south_02,65.5297,63.4068,2094.82544,74.8102,85.80031479180475,-1.2741422261842217,0.9655989101765801,1.437,-65.2,36.23,grid125,44.0819,3.2411,3630.18239,139.2391,297.48663,-25.62423,59.57,0.2477,-41.547,-3.3516,lvmSFrame-00007912.fits,sdsswork/lvm/spectro/redux/1.2.0/1028XX/1028711/60266/lvmSFrame-00007912.fits,sdsswork/data/agcam/lco/60266/coadds/lvm.sci.coadd_s00007912.fits,60255,83.65067799897407,-3.7016761491066155,62.25166730331239,NGC2024,83.65067799897407,-3.7016761491066155,-152.6592376822124,-18.762411375730913
1028XX,1028773,60266,7913,900.0,1,0,0,1.2.0,0,tile_id=1028773,2023-11-18T04:22:04.697,6.14469711987173e-14,3.08125857052036e-14,2.07220954468246e-14,5.97169238993096e-14,3.21383245521309e-14,2.05466362584871e-14,6.28838146514084e-14,3.13370900230325e-14,2.07721192133958e-14,MOD,84.49411992772814,-3.7350001123569765,62.19858101480811,1.31,-92.85,35.82,49.7543,3282.91596,136.4833,21.01854905950512,-22.926966046253018,1.0585781431143075,1.133,-23.24,35.42,WHAM_south_02,61.9725,64.1636,2158.0694,74.6583,85.80032841805,-1.274119246425433,0.9182174500382673,1.364,-61.65,36.23,grid125,47.1189,2.7854,3473.75502,139.1275,297.68424,-25.57032,59.74,0.249,-41.8183,-6.2517,lvmSFrame-00007913.fits,sdsswork/lvm/spectro/redux/1.2.0/1028XX/1028773/60266/lvmSFrame-00007913.fits,sdsswork/data/agcam/lco/60266/coadds/lvm.sci.coadd_s00007913.fits,60255,84.49411992772814,-3.7350001123569765,62.19858101480811,NGC2024,84.49411992772814,-3.7350001123569765,-152.2200804850845,-18.03038332962173
1028XX,1028834,60266,7914,900.0,1,0,0,1.2.0,0,tile_id=1028834,2023-11-18T04:38:22.497,6.15529780343165e-14,3.09048844889236e-14,2.07546516558199e-14,5.54062546714119e-14,3.01842565044483e-14,2.07328966769603e-14,6.15312597810175e-14,3.05976201003327e-14,2.07493014029573e-14,MOD,85.14080973939448,-3.3950387384027736,62.176904234359355,1.269,-89.79,35.82,51.9886,3140.49765,137.0717,70.85949533135454,-56.127961416648475,1.3783942632680648,1.144,-68.39,35.42,WHAM_south_08,60.8795,53.9609,1495.64709,89.1516,85.80032546188555,-1.274120671862717,0.8817135457916881,1.305,-58.07,36.23,grid125,50.0004,2.2209,3297.67178,139.0123,297.8851,-25.51718,59.91,0.2503,-41.768,-9.0724,lvmSFrame-00007914.fits,sdsswork/lvm/spectro/redux/1.2.0/1028XX/1028834/60266/lvmSFrame-00007914.fits,sdsswork/data/agcam/lco/60266/coadds/lvm.sci.coadd_s00007914.fits,60255,85.14080973939448,-3.3950387384027736,62.176904234359355,NGC2024,85.14080973939448,-3.3950387384027736,-152.22559860383254,-17.300907113701605
1028XX,1028864,60266,7915,900.0,1,0,0,1.2.0,0,tile_id=1028864,2023-11-18T04:54:41.652,6.19838151738456e-14,3.11320686833887e-14,2.09075102693336e-14,5.61012909954902e-14,2.71229464189592e-14,2.021920080583e-14,6.31151637287467e-14,3.12910584159926e-14,2.09960605688387e-14,MOD,85.36558386363839,-3.038652332075978,62.15464615496779,1.231,-86.32,35.82,54.3376,2985.50088,137.3656,70.85950437134116,-56.128004331515356,1.3899027239313106,1.134,-65.87,35.42,WHAM_south_08,61.8208,54.3504,1473.95288,89.1239,85.80033214342848,-1.2741168837996293,0.8458187042098201,1.257,-54.46,36.23,grid125,52.7052,1.8172,3102.73572,138.893,298.09001,-25.46463,60.09,0.2517,-41.3978,-11.8202,lvmSFrame-00007915.fits,sdsswork/lvm/spectro/redux/1.2.0/1028XX/1028864/60266/lvmSFrame-00007915.fits,sdsswork/data/agcam/lco/60266/coadds/lvm.sci.coadd_s00007915.fits,60255,85.36558386363839,-3.038652332075978,62.15464615496779,NGC2024,85.36558386363839,-3.038652332075978,-152.44845161753088,-16.937567849241393
1028XX,1028894,60266,7916,900.0,1,0,0,1.2.0,0,tile_id=1028894,2023-11-18T05:10:43.479,6.24668283674504e-14,3.12126404919107e-14,2.10338498246026e-14,5.55550782251364e-14,3.00413938911645e-14,2.04508887097785e-14,6.34776667870327e-14,3.12408802704182e-14,2.11094315346718e-14,MOD,85.59025329411386,-2.682252888705859,62.15186649631773,1.2,-82.89,35.82,56.4122,2809.80147,137.6569,85.80031332830036,-1.2740501793808672,1.0831819867038401,1.218,-51.11,35.42,grid125,55.1443,1.4238,2895.09726,138.7721,70.85952258361453,-56.12802653057425,1.02648198919173,1.128,-63.22,36.23,WHAM_south_08,62.4783,54.7402,1435.8392,89.0945,298.29482,-25.41376,60.27,0.253,-40.7295,-14.4365,lvmSFrame-00007916.fits,sdsswork/lvm/spectro/redux/1.2.0/1028XX/1028894/60266/lvmSFrame-00007916.fits,sdsswork/data/agcam/lco/60266/coadds/lvm.sci.coadd_s00007916.fits,60255,85.59025329411386,-2.682252888705859,62.15186649631773,NGC2024,85.59025329411386,-2.682252888705859,-152.67039308403656,-16.573964776307825
1028XX,1028890,60266,7918,900.0,1,0,0,1.2.0,0,tile_id=1028890,2023-11-18T05:44:02.085,6.29139535621769e-14,3.16108121941023e-14,2.1160368290061e-14,5.82302714308705e-14,3.07309615759467e-14,2.04465318604362e-14,6.25476850412166e-14,3.1200751817676e-14,2.11453362517282e-14,MOD,84.80468689117482,-1.192082724024562,62.212705495050635,1.159,-74.3,35.82,59.6125,2456.90837,137.8206,85.80031794768608,-1.2740870134969604,1.0340937592186463,1.163,-43.71,35.42,grid125,59.2967,0.9988,2423.08264,138.5093,70.85952321473995,-56.12802603358716,1.031470072653131,1.123,-58.26,36.23,WHAM_south_08,62.9166,56.0776,1306.94328,89.026,298.73082,-25.31079,60.65,0.2559,-38.4329,-19.5721,lvmSFrame-00007918.fits,sdsswork/lvm/spectro/redux/1.2.0/1028XX/1028890/60266/lvmSFrame-00007918.fits,sdsswork/data/agcam/lco/60266/coadds/lvm.sci.coadd_s00007918.fits,60255,84.80468689117482,-1.192082724024562,62.212705495050635,NGC2024,84.80468689117482,-1.192082724024562,-154.42774788032685,-16.57423813333967
1028XX,1028712,60268,7950,900.0,1,0,0,1.2.0,0,tile_id=1028712,2023-11-20T04:02:12.999,6.09299617153471e-14,3.05734815176839e-14,2.04585428653758e-14,6.04746557697566e-14,2.97653975065172e-14,1.95778111336481e-14,6.21790401649668e-14,3.08986579172332e-14,2.04986518506576e-14,MOD,83.84694536130152,-4.074495774252955,62.24604133163096,1.341,-94.92,36.35,48.2155,3360.85998,114.5444,21.018560044535516,-22.92713680480111,1.0653294364215677,1.107,-24.91,35.93,WHAM_south_02,64.5848,63.4359,1994.47393,51.1546,85.80028675989152,-1.2740970314926703,1.0046904566073889,1.416,-64.26,36.86,grid125,44.903,3.413,3615.73037,117.3691,326.50572,-17.54448,85.62,0.4631,-40.9688,15.2006,lvmSFrame-00007950.fits,sdsswork/lvm/spectro/redux/1.2.0/1028XX/1028712/60268/lvmSFrame-00007950.fits,sdsswork/data/agcam/lco/60268/coadds/lvm.sci.coadd_s00007950.fits,60255,83.84694536130152,-4.074495774252955,62.24604133163096,NGC2024,83.84694536130152,-4.074495774252955,-152.21450012060765,-18.759849333400428
1028XX,1028743,60268,7951,900.0,1,0,0,1.2.0,0,tile_id=1028743,2023-11-20T04:18:45.420,6.11534870934016e-14,3.0845236900612e-14,2.06251032135368e-14,6.02579983915806e-14,3.05504291344419e-14,2.06967170349497e-14,6.13861718989389e-14,3.06091593970637e-14,2.06273476420008e-14,MOD,84.26884231815741,-4.091198973517907,62.21741573512712,1.287,-91.77,36.35,50.9944,3240.11954,114.8076,85.80024996635876,-1.2740061944695946,1.2126072066942786,1.347,-60.86,35.93,grid125,47.9379,3.2056,3471.85167,117.2424,21.018556665971982,-22.927052973712797,0.8406762733081677,1.143,-22.4,36.86,WHAM_south_02,60.981,63.8148,2061.5239,51.0371,326.65711,-17.46495,85.77,0.4644,-41.3161,11.7558,lvmSFrame-00007951.fits,sdsswork/lvm/spectro/redux/1.2.0/1028XX/1028743/60268/lvmSFrame-00007951.fits,sdsswork/data/agcam/lco/60268/coadds/lvm.sci.coadd_s00007951.fits,60255,84.26884231815741,-4.091198973517907,62.21741573512712,NGC2024,84.26884231815741,-4.091198973517907,-151.99537982305478,-18.39347101441031
1028XX,1028774,60268,7953,900.0,1,0,0,1.2.0,0,tile_id=1028774,2023-11-20T04:53:55.151,6.10027972706496e-14,3.0537632649993e-14,2.0560379194145e-14,5.63205298200626e-14,2.92713879606781e-14,1.98738390831634e-14,6.17434336644708e-14,3.0691491682233e-14,2.06121034701624e-14,MOD,84.6907813798056,-4.107697369585821,62.18392781684912,1.196,-84.52,36.35,56.7255,2913.62068,114.9199,85.80029394303158,-1.27408508559598,1.1224645331108976,1.239,-53.1,35.93,grid125,53.8131,3.0426,3092.7321,116.9588,70.85949194478755,-56.12799460080439,1.0469182616320716,1.131,-64.57,36.86,WHAM_south_08,62.1455,53.1829,1446.48886,83.1473,326.99321,-17.29583,86.11,0.4673,-40.9716,4.5255,lvmSFrame-00007953.fits,sdsswork/lvm/spectro/redux/1.2.0/1028XX/1028774/60268/lvmSFrame-00007953.fits,sdsswork/data/agcam/lco/60268/coadds/lvm.sci.coadd_s00007953.fits,60255,84.6907813798056,-4.107697369585821,62.18392781684912,NGC2024,84.6907813798056,-4.107697369585821,-151.77716269244698,-18.026828450459835
1028XX,1028865,60268,7955,900.0,1,0,0,1.2.0,0,tile_id=1028865,2023-11-20T05:31:01.704,6.10217116977837e-14,3.04627185239904e-14,2.05041944172712e-14,5.92932131507195e-14,3.02931645971747e-14,2.01858774183244e-14,6.20337821388661e-14,3.07226594400847e-14,2.05526651042523e-14,MOD,85.56239595067527,-3.4111306806124397,62.14914359095013,1.146,-76.94,36.35,60.7703,2493.3157,115.6715,85.800328,-1.27412,0.0,1.17,-44.85,35.93,grid125,58.7515,2.1502,2602.95078,116.6385,70.85950521279362,-56.12802200888109,1.0627119356369807,1.123,-59.02,36.86,WHAM_south_08,62.9333,54.0176,1339.06233,83.1006,327.36876,-17.118,86.48,0.4705,-39.055,-2.9354,lvmSFrame-00007955.fits,sdsswork/lvm/spectro/redux/1.2.0/1028XX/1028865/60268/lvmSFrame-00007955.fits,sdsswork/data/agcam/lco/60268/coadds/lvm.sci.coadd_s00007955.fits,60255,85.56239595067527,-3.4111306806124397,62.14914359095013,NGC2024,85.56239595067527,-3.4111306806124397,-152.00823817487733,-16.934553043061634
1028XX,1028895,60268,7956,900.0,1,0,0,1.2.0,0,tile_id=1028895,2023-11-20T05:49:32.708,6.15860078023428e-14,3.07707778193109e-14,2.06343637180638e-14,5.84119210013958e-14,2.97067102551626e-14,1.9768165080456e-14,6.16434536528961e-14,3.04950735025936e-14,2.06501221271223e-14,MOD,85.78703349313305,-3.054662523628959,62.14310037435224,1.13,-73.0,36.35,62.2082,2253.69899,115.8439,70.8595,-56.128,0.0,1.125,-56.54,35.93,WHAM_south_08,62.7277,54.4079,1255.75227,83.0726,85.80032425185264,-1.2741287608316398,0.7884231900705266,1.149,-40.56,36.86,grid125,60.5217,1.7806,2333.93972,116.4708,327.56395,-17.0298,86.67,0.4722,-37.5509,-6.5778,lvmSFrame-00007956.fits,sdsswork/lvm/spectro/redux/1.2.0/1028XX/1028895/60268/lvmSFrame-00007956.fits,sdsswork/data/agcam/lco/60268/coadds/lvm.sci.coadd_s00007956.fits,60255,85.78703349313305,-3.054662523628959,62.14310037435224,NGC2024,85.78703349313305,-3.054662523628959,-152.23106310905933,-16.57144773257207
1028XX,1028923,60268,7957,900.0,1,0,0,1.2.0,0,tile_id=1028923,2023-11-20T06:12:46.565,6.16397792301569e-14,3.08360418201817e-14,2.06572016546261e-14,5.34813878823793e-14,2.93663066608926e-14,1.99625648062583e-14,6.25684699685858e-14,3.09188920642773e-14,2.07128122455286e-14,MOD,85.81484611588252,-2.3258604376913596,62.14574631314791,1.123,-67.67,36.35,62.9405,1946.06972,115.9096,85.800328,-1.27412,0.0,1.133,-35.72,35.93,grid125,61.9027,1.0518,1983.34051,116.2531,70.85946378533448,-56.1280197629487,1.1118262013360474,1.133,-53.04,36.86,WHAM_south_08,61.9178,55.1303,1127.4849,83.0329,327.81592,-16.91986,86.92,0.4744,-35.206,-11.0566,lvmSFrame-00007957.fits,sdsswork/lvm/spectro/redux/1.2.0/1028XX/1028923/60268/lvmSFrame-00007957.fits,sdsswork/data/agcam/lco/60268/coadds/lvm.sci.coadd_s00007957.fits,60255,85.81484611588252,-2.3258604376913596,62.14574631314791,NGC2024,85.81484611588252,-2.3258604376913596,-152.89142686674714,-16.21010177645311
1028XX,1028922,60268,7958,900.0,1,0,0,1.2.0,0,tile_id=1028922,2023-11-20T06:35:17.506,6.13875699281116e-14,3.08575719673849e-14,2.07775826469404e-14,5.3892945405983e-14,2.87469773476503e-14,1.98858286501602e-14,6.12289504652114e-14,3.05539559642975e-14,2.07923360346634e-14,MOD,85.61826218184427,-1.953481557357811,62.18683974087351,1.123,-62.61,36.35,62.9003,1625.34258,115.6355,70.8595,-56.128,0.0,1.148,-50.16,35.93,WHAM_south_08,60.5965,55.4628,982.89267,82.9896,85.80031644637035,-1.2741264323716641,0.801649586537695,1.13,-30.73,36.86,grid125,62.2288,0.7033,1639.69198,116.0346,328.06735,-16.81424,87.16,0.4765,-32.5027,-15.2849,lvmSFrame-00007958.fits,sdsswork/lvm/spectro/redux/1.2.0/1028XX/1028922/60268/lvmSFrame-00007958.fits,sdsswork/data/agcam/lco/60268/coadds/lvm.sci.coadd_s00007958.fits,60255,85.61826218184427,-1.953481557357811,62.18683974087351,NGC2024,85.61826218184427,-1.953481557357811,-153.3298768458187,-16.21117859106093
1028XX,1028921,60268,7959,900.0,1,0,0,1.2.0,0,tile_id=1028921,2023-11-20T06:57:31.258,6.27551314374114e-14,3.13159428386262e-14,2.10567530489423e-14,5.95299829662441e-14,2.97515461335137e-14,2.010998813857e-14,6.24089385963906e-14,3.08337130470835e-14,2.10906936297914e-14,MOD,85.42184058461095,-1.5809692750391897,62.19703392528976,1.135,-57.71,36.35,61.7536,1307.78411,115.3535,85.800328,-1.27412,0.0,1.137,-26.38,35.93,grid125,61.5378,0.4872,1307.86041,115.812,70.85976759712884,-56.128087238228446,1.2145371856447646,1.168,-47.0,36.86,WHAM_south_08,58.8455,55.7964,826.69861,82.9424,328.3222,-16.71103,87.41,0.4787,-29.4745,-19.3314,lvmSFrame-00007959.fits,sdsswork/lvm/spectro/redux/1.2.0/1028XX/1028921/60268/lvmSFrame-00007959.fits,sdsswork/data/agcam/lco/60268/coadds/lvm.sci.coadd_s00007959.fits,60255,85.42184058461095,-1.5809692750391897,62.19703392528976,NGC2024,85.42184058461095,-1.5809692750391897,-153.7683947504523,-16.21123790660489
1028XX,1028920,60268,7960,900.0,1,0,0,1.2.0,0,tile_id=1028920,2023-11-20T07:16:03.298,6.19251860246904e-14,3.07329092623468e-14,2.08321685002343e-14,5.61666439998653e-14,3.06105247941821e-14,2.03005277677394e-14,6.16448853221847e-14,3.01058285448656e-14,2.08527108585543e-14,MOD,85.22561250630334,-1.2084651573744722,62.20303930081043,1.155,-53.69,36.35,59.9755,1052.63777,115.0999,70.8595,-56.128,0.0,1.191,-44.82,35.93,WHAM_south_08,57.1028,56.1306,691.31395,82.8993,85.80030045967096,-1.2741262456043838,0.8561861816893962,1.152,-22.51,36.86,grid125,60.2401,0.5783,1045.06349,115.6214,328.53941,-16.62589,87.62,0.4805,-26.7142,-22.5915,lvmSFrame-00007960.fits,sdsswork/lvm/spectro/redux/1.2.0/1028XX/1028920/60268/lvmSFrame-00007960.fits,sdsswork/data/agcam/lco/60268/coadds/lvm.sci.coadd_s00007960.fits,60255,85.22561250630334,-1.2084651573744722,62.20303930081043,NGC2024,85.22561250630334,-1.2084651573744722,-154.20682627178823,-16.21030137282735
1028XX,1028889,60268,7961,900.0,1,0,0,1.2.0,0,tile_id=1028889,2023-11-20T07:34:35.509,6.15196724831903e-14,3.09853558552684e-14,2.07820295559742e-14,6.08943169663301e-14,3.23538010421502e-14,2.11140356322387e-14,6.15902242276081e-14,3.08054752000483e-14,2.08464593972271e-14,MOD,84.60859548200723,-0.8193645768123103,62.27095842954841,1.187,-49.52,36.35,57.4095,816.20875,114.4454,70.8595,-56.128,0.0,1.218,-42.51,35.93,WHAM_south_08,55.149,56.4141,556.01217,82.8533,85.80031064747155,-1.274097602711097,0.8903169794971789,1.174,-19.01,36.86,grid125,58.3704,1.2753,801.78369,115.4265,328.76069,-16.54165,87.84,0.4824,-23.7681,-25.7323,lvmSFrame-00007961.fits,sdsswork/lvm/spectro/redux/1.2.0/1028XX/1028889/60268/lvmSFrame-00007961.fits,sdsswork/data/agcam/lco/60268/coadds/lvm.sci.coadd_s00007961.fits,60255,84.60859548200723,-0.8193645768123103,62.27095842954841,NGC2024,84.60859548200723,-0.8193645768123103,-154.86713428708052,-16.57183165842877
1028XX,1028805,60269,8017,900.0,1,0,0,1.2.0,0,tile_id=1028805,2023-11-21T04:46:11.996,6.21236059395952e-14,3.08321584529247e-14,2.08585107786222e-14,6.10703153311938e-14,3.03768891589226e-14,2.0441115796069e-14,6.32117093216295e-14,3.10781003600838e-14,2.09306800427339e-14,MOD,85.11270752000033,-4.123989239568411,62.13359682489965,1.208,-85.67,36.18,55.8643,2963.14264,103.6022,85.80027491452394,-1.2740583242380787,1.1764848310601412,1.248,-53.94,35.86,grid125,53.2266,2.9315,3171.81828,104.8966,70.85951073651546,-56.128018917355334,1.062752872866065,1.133,-65.15,36.86,WHAM_south_08,61.9784,53.2379,1443.82524,80.7169,340.31295,-11.56971,99.19,0.5811,-40.9537,14.0424,lvmSFrame-00008017.fits,sdsswork/lvm/spectro/redux/1.2.0/1028XX/1028805/60269/lvmSFrame-00008017.fits,sdsswork/data/agcam/lco/60269/coadds/lvm.sci.coadd_s00008017.fits,60255,85.11270752000033,-4.123989239568411,62.13359682489965,NGC2024,85.11270752000033,-4.123989239568411,-151.55985287290903,-17.659976252699916
1028XX,1028835,60269,8018,900.0,1,0,0,1.2.0,0,tile_id=1028835,2023-11-21T05:04:45.177,6.14031327822566e-14,3.08011427037657e-14,2.07768261966277e-14,5.87100890508901e-14,3.04862225808962e-14,2.05286850537084e-14,6.13261480005437e-14,3.03876921168389e-14,2.07763246924884e-14,MOD,85.33765042339151,-3.7675703430209246,62.12869873659533,1.175,-81.72,36.18,58.291,2789.66314,103.7571,70.86037263067755,-56.129107144152414,1.4184610601293648,1.126,-62.55,35.86,WHAM_south_08,62.6459,53.6285,1410.34998,80.706,85.80031392039034,-1.2741269545899607,0.8840979764710731,1.206,-49.61,36.86,grid125,55.9674,2.5359,2949.62276,104.7484,340.47202,-11.47669,99.36,0.5825,-40.3603,10.0962,lvmSFrame-00008018.fits,sdsswork/lvm/spectro/redux/1.2.0/1028XX/1028835/60269/lvmSFrame-00008018.fits,sdsswork/data/agcam/lco/60269/coadds/lvm.sci.coadd_s00008018.fits,60255,85.33765042339151,-3.7675703430209246,62.12869873659533,NGC2024,85.33765042339151,-3.7675703430209246,-151.78450162078371,-17.297374835081488
1028XX,1028924,60269,8020,900.0,1,0,0,1.2.0,0,tile_id=1028924,2023-11-21T05:41:47.648,6.25089273836899e-14,3.13292719967351e-14,2.10332597388093e-14,5.88591978505416e-14,3.01507005911554e-14,2.01923223577216e-14,6.33834246751572e-14,3.14523452466547e-14,2.10957313100978e-14,MOD,86.01154942142709,-2.69814342159896,62.094457927712966,1.138,-73.83,36.18,61.4579,2367.00473,104.3422,70.8595,-56.128,0.0,1.124,-57.09,35.86,WHAM_south_08,62.8027,54.7986,1281.00253,80.6741,85.80031733302782,-1.2741292179705113,0.8206908663177673,1.152,-41.4,36.86,grid125,60.2017,1.4396,2444.31578,104.4365,340.80549,-11.29111,99.71,0.5855,-38.0308,2.2872,lvmSFrame-00008020.fits,sdsswork/lvm/spectro/redux/1.2.0/1028XX/1028924/60269/lvmSFrame-00008020.fits,sdsswork/data/agcam/lco/60269/coadds/lvm.sci.coadd_s00008020.fits,60255,86.01154942142709,-2.69814342159896,62.094457927712966,NGC2024,86.01154942142709,-2.69814342159896,-152.45303951360015,-16.20808014997243
1028XX,1028952,60269,8021,900.0,1,0,0,1.2.0,0,tile_id=1028952,2023-11-21T06:00:19.546,6.19756762323699e-14,3.0999222977575e-14,2.08842786334105e-14,5.84443476420114e-14,3.01823228785955e-14,2.02522581846624e-14,6.39195408333397e-14,3.14873958716512e-14,2.09529843762048e-14,MOD,86.03932533290211,-1.969442790837395,62.13969885789031,1.131,-69.53,36.18,62.1402,2134.93667,104.3617,70.8595,-56.128,0.0,1.13,-54.44,35.86,WHAM_south_08,62.2835,55.5206,1188.37031,80.6537,85.80032954326903,-1.2741142380716384,0.8044554481548463,1.138,-37.35,36.86,grid125,61.514,0.7352,2169.99925,104.2725,340.98025,-11.1985,99.89,0.5871,-36.3429,-1.5749,lvmSFrame-00008021.fits,sdsswork/lvm/spectro/redux/1.2.0/1028XX/1028952/60269/lvmSFrame-00008021.fits,sdsswork/data/agcam/lco/60269/coadds/lvm.sci.coadd_s00008021.fits,60255,86.03932533290211,-1.969442790837395,62.13969885789031,NGC2024,86.03932533290211,-1.969442790837395,-153.11163614638883,-15.846016040923784
1028XX,1028951,60269,8022,900.0,1,0,0,1.2.0,0,tile_id=1028951,2023-11-21T06:18:52.208,6.1674020668636e-14,3.04193991189823e-14,2.07274578404231e-14,5.86378070312911e-14,3.05737472609702e-14,2.03730142066524e-14,6.16928879228456e-14,3.01316707505855e-14,2.07478001348978e-14,MOD,85.84280580219196,-1.5971171653010992,62.153780252268184,1.127,-65.23,36.18,62.4952,1876.60371,104.0784,70.8595,-56.128,0.0,1.139,-51.86,35.86,WHAM_south_08,61.3906,55.8527,1080.21046,80.6302,85.80031245409589,-1.2741222285807599,0.8002711974320283,1.131,-33.36,36.86,grid125,62.1758,0.3258,1888.42656,104.103,341.16035,-11.10609,100.07,0.5887,-34.3454,-5.4024,lvmSFrame-00008022.fits,sdsswork/lvm/spectro/redux/1.2.0/1028XX/1028951/60269/lvmSFrame-00008022.fits,sdsswork/data/agcam/lco/60269/coadds/lvm.sci.coadd_s00008022.fits,60255,85.84280580219196,-1.5971171653010992,62.153780252268184,NGC2024,85.84280580219196,-1.5971171653010992,-153.54922702692647,-15.84659531737666
1028XX,1028950,60269,8023,900.0,1,0,0,1.2.0,0,tile_id=1028950,2023-11-21T06:37:25.066,6.1947897379058e-14,3.09048579732725e-14,2.08446264918504e-14,5.55514725457216e-14,2.85489695757198e-14,1.95282733223847e-14,6.30301167261375e-14,3.13210919850331e-14,2.09082248318244e-14,MOD,85.64648045060548,-1.2247289528953669,62.177679589207926,1.132,-60.99,36.18,62.0763,1610.11401,103.7877,85.800328,-1.27412,0.0,1.131,-29.68,35.86,grid125,62.1391,0.1615,1605.88102,103.9284,70.8595,-56.128,0.0,1.153,-49.14,36.86,WHAM_south_08,60.16,56.1856,959.61472,80.6035,341.34559,-11.01399,100.26,0.5903,-32.071,-9.187,lvmSFrame-00008023.fits,sdsswork/lvm/spectro/redux/1.2.0/1028XX/1028950/60269/lvmSFrame-00008023.fits,sdsswork/data/agcam/lco/60269/coadds/lvm.sci.coadd_s00008023.fits,60255,85.64648045060548,-1.2247289528953669,62.177679589207926,NGC2024,85.64648045060548,-1.2247289528953669,-153.98679894741753,-15.846167528970529
1028XX,1028919,60269,8024,900.0,1,0,0,1.2.0,0,tile_id=1028919,2023-11-21T06:55:57.035,6.07421350508674e-14,3.02074699372338e-14,2.03823260199925e-14,6.18778706114104e-14,3.25334264203334e-14,2.14437663344978e-14,6.04251275102862e-14,2.97897977824908e-14,2.03686846931177e-14,MOD,85.02945093327986,-0.83588173071839,62.22312669352022,1.146,-56.55,36.18,60.796,1350.10175,103.0808,85.800328,-1.27412,0.0,1.139,-25.91,35.86,grid125,61.4073,0.8866,1329.16802,103.7487,70.85954399438127,-56.12802101405981,1.2043861854869748,1.171,-46.69,36.86,WHAM_south_08,58.6366,56.4657,830.28499,80.5737,341.53567,-10.92237,100.46,0.592,-29.5538,-12.918,lvmSFrame-00008024.fits,sdsswork/lvm/spectro/redux/1.2.0/1028XX/1028919/60269/lvmSFrame-00008024.fits,sdsswork/data/agcam/lco/60269/coadds/lvm.sci.coadd_s00008024.fits,60255,85.02945093327986,-0.83588173071839,62.22312669352022,NGC2024,85.02945093327986,-0.83588173071839,-154.6453052628066,-16.208423666223286
1028XX,1028744,60270,8053,900.0,1,0,0,1.2.0,0,tile_id=1028744,2023-11-22T05:50:42.050,6.09449719033675e-14,3.05200474662504e-14,2.04352856383578e-14,6.05849525650415e-14,2.93488290525348e-14,1.92369802274699e-14,6.19974381663155e-14,3.07000874582742e-14,2.04647550124955e-14,MOD,84.4654414140864,-4.463923530279965,62.22136369881503,1.107,-70.68,36.32,64.5973,2199.80819,90.3959,70.85952108311594,-56.1280160161534,1.25547500865462,1.127,-55.25,35.75,WHAM_south_08,62.484,52.7944,1227.55948,78.8568,85.80033052055508,-1.2741212016226569,0.6024975802790057,1.141,-38.59,36.69,grid125,61.1768,3.4571,2311.03284,91.9961,353.68877,-4.83253,112.96,0.6961,-37.0806,7.56,lvmSFrame-00008053.fits,sdsswork/lvm/spectro/redux/1.2.0/1028XX/1028744/60270/lvmSFrame-00008053.fits,sdsswork/data/agcam/lco/60270/coadds/lvm.sci.coadd_s00008053.fits,60255,84.4654414140864,-4.463923530279965,62.22136369881503,NGC2024,84.4654414140864,-4.463923530279965,-151.55159092085634,-18.389426093633965
1028XX,1028775,60270,8054,900.0,1,0,0,1.2.0,0,tile_id=1028775,2023-11-22T06:06:43.306,6.13027496321481e-14,3.06480109251301e-14,2.03963785428699e-14,5.70762565568028e-14,2.98170903589158e-14,1.95766223093068e-14,6.2185452167277e-14,3.08780720557323e-14,2.04717426865854e-14,MOD,84.88756404760143,-4.480326568437203,62.20016800034832,1.101,-67.68,36.32,65.2613,1971.74465,90.6848,70.85949883257688,-56.127997876656025,1.2804472311949524,1.134,-53.0,35.75,WHAM_south_08,61.8302,52.8485,1142.49302,78.8471,85.80032757091254,-1.2741346270298328,0.5937027410295893,1.133,-35.12,36.69,grid125,61.967,3.3332,2071.65298,91.8625,353.82485,-4.75403,113.1,0.6972,-35.5177,4.1315,lvmSFrame-00008054.fits,sdsswork/lvm/spectro/redux/1.2.0/1028XX/1028775/60270/lvmSFrame-00008054.fits,sdsswork/data/agcam/lco/60270/coadds/lvm.sci.coadd_s00008054.fits,60255,84.88756404760143,-4.480326568437203,62.20016800034832,NGC2024,84.88756404760143,-4.480326568437203,-151.33431373560413,-18.022312605864915
1028XX,1028836,60270,8055,900.0,1,0,0,1.2.0,0,tile_id=1028836,2023-11-22T06:23:05.771,6.12159592730782e-14,3.03893376824067e-14,2.04801846801305e-14,5.76442608275415e-14,3.08271220827881e-14,2.02503867936545e-14,6.08365302200871e-14,3.00573510377944e-14,2.04567172896268e-14,MOD,85.53466062693072,-4.140042792890625,62.141183071714956,1.102,-64.64,36.32,65.111,1740.26882,91.2202,70.85946969242048,-56.12800794262113,1.2928022471662686,1.144,-50.75,35.75,WHAM_south_08,60.8883,53.2952,1044.42684,78.8348,85.80032353845995,-1.2741263546855435,0.5974733744653751,1.13,-31.64,36.69,grid125,62.2468,2.8782,1822.71143,91.7219,353.96802,-4.67392,113.25,0.6984,-33.6911,0.6365,lvmSFrame-00008055.fits,sdsswork/lvm/spectro/redux/1.2.0/1028XX/1028836/60270/lvmSFrame-00008055.fits,sdsswork/data/agcam/lco/60270/coadds/lvm.sci.coadd_s00008055.fits,60255,85.53466062693072,-4.140042792890625,62.141183071714956,NGC2024,85.53466062693072,-4.140042792890625,-151.34343722936296,-17.292871040796868
1028XX,1028866,60270,8056,900.0,1,0,0,1.2.0,0,tile_id=1028866,2023-11-22T06:39:42.258,6.13198790358935e-14,3.04052640760663e-14,2.04509939419644e-14,5.45749137581267e-14,2.92926758180969e-14,1.95644857779376e-14,6.21260085445794e-14,3.06287430823617e-14,2.05293386155096e-14,MOD,85.75941546153399,-3.7835385068239664,62.13102975600858,1.108,-61.22,36.32,64.4472,1509.6965,91.3303,85.80031539830783,-1.2741239566170124,0.8422993358343357,1.133,-28.4,35.75,grid125,61.9694,2.5097,1570.29826,91.575,70.85953839951092,-56.12801121846621,0.9696726084084597,1.158,-48.31,36.69,WHAM_south_08,59.6793,53.6857,935.71557,78.8201,354.11742,-4.59281,113.41,0.6997,-31.6242,-2.8954,lvmSFrame-00008056.fits,sdsswork/lvm/spectro/redux/1.2.0/1028XX/1028866/60270/lvmSFrame-00008056.fits,sdsswork/data/agcam/lco/60270/coadds/lvm.sci.coadd_s00008056.fits,60255,85.75941546153399,-3.7835385068239664,62.13102975600858,NGC2024,85.75941546153399,-3.7835385068239664,-151.56804306610752,-16.930533278033998
1028XX,1028896,60270,8057,900.0,1,0,0,1.2.0,0,tile_id=1028896,2023-11-22T06:56:49.959,6.12085750214917e-14,3.05674778467133e-14,2.06138079190433e-14,6.30161847772301e-14,3.06145183850493e-14,2.02593887481443e-14,6.27358543999194e-14,3.10156581479265e-14,2.0645753619377e-14,MOD,85.98401030490722,-3.426978341159885,62.12007122725724,1.12,-57.77,36.32,63.2298,1272.13814,91.4304,70.85948907475105,-56.12800611760851,1.3241791123332372,1.176,-46.27,35.75,WHAM_south_08,58.1984,54.0766,816.60969,78.8023,85.80032281031086,-1.2741144409583867,0.631301380130836,1.142,-24.74,36.69,grid125,61.109,2.1607,1315.16052,91.4191,354.27589,-4.50935,113.58,0.701,-29.2901,-6.5202,lvmSFrame-00008057.fits,sdsswork/lvm/spectro/redux/1.2.0/1028XX/1028896/60270/lvmSFrame-00008057.fits,sdsswork/data/agcam/lco/60270/coadds/lvm.sci.coadd_s00008057.fits,60255,85.98401030490722,-3.426978341159885,62.12007122725724,NGC2024,85.98401030490722,-3.426978341159885,-151.79177163488598,-16.567930041080622
1028XX,1028925,60270,8058,900.0,1,0,0,1.2.0,0,tile_id=1028925,2023-11-22T07:13:40.835,6.11348334765843e-14,3.05309051381846e-14,2.04981283095105e-14,5.68814088272564e-14,2.90814528899355e-14,1.97769554274476e-14,6.16057689623103e-14,3.04819811859553e-14,2.0541681725838e-14,MOD,86.20847894701905,-3.0704168177115454,62.1061041914437,1.137,-54.53,36.32,61.5562,1044.83875,91.5276,85.80031755645663,-1.2741470277682558,0.91678494571628,1.157,-21.67,35.75,grid125,59.742,1.842,1074.54378,91.2615,70.8594889813828,-56.127989816977625,1.0291588458400887,1.198,-43.92,36.69,WHAM_south_08,56.5442,54.4677,695.61798,78.7823,354.43606,-4.42745,113.74,0.7024,-26.8156,-10.064,lvmSFrame-00008058.fits,sdsswork/lvm/spectro/redux/1.2.0/1028XX/1028925/60270/lvmSFrame-00008058.fits,sdsswork/data/agcam/lco/60270/coadds/lvm.sci.coadd_s00008058.fits,60255,86.20847894701905,-3.0704168177115454,62.1061041914437,NGC2024,86.20847894701905,-3.0704168177115454,-152.01459207129813,-16.20507596692902
1028XX,1028953,60270,8059,900.0,1,0,0,1.2.0,0,tile_id=1028953,2023-11-22T07:30:07.070,6.14841992057041e-14,3.05017351201845e-14,2.05114207584406e-14,5.6662413807736e-14,2.98548598806e-14,1.95307413960116e-14,6.16876402999745e-14,3.04095111458143e-14,2.05215545567418e-14,MOD,86.23594725744387,-2.341691485735716,62.16324523543152,1.165,-51.1,36.32,59.1198,839.96268,91.456,70.85948709482084,-56.127980328000156,1.3862724480747546,1.224,-42.09,35.75,WHAM_south_08,54.7721,55.1894,577.12036,78.7605,85.80031964388154,-1.2740932510003506,0.694643874089424,1.179,-18.39,36.69,grid125,57.9742,1.153,854.58966,91.1036,354.59635,-4.34776,113.91,0.7037,-24.2504,-13.4963,lvmSFrame-00008059.fits,sdsswork/lvm/spectro/redux/1.2.0/1028XX/1028953/60270/lvmSFrame-00008059.fits,sdsswork/data/agcam/lco/60270/coadds/lvm.sci.coadd_s00008059.fits,60255,86.23594725744387,-2.341691485735716,62.16324523543152,NGC2024,86.23594725744387,-2.341691485735716,-152.67409223486422,-15.84452112522207
1028XX,1028806,60281,8704,900.0,1,0,0,1.2.0,0,tile_id=1028806,2023-12-03T03:57:16.080,6.17841758909378e-14,3.09402009746026e-14,2.07961267832514e-14,1.19968034418414e-13,6.37609344301422e-14,4.1783003619268e-14,6.22291754010808e-14,3.0808019827417e-14,2.07772883549571e-14,SCI,85.30971520543837,-4.49652347217992,62.15378101731304,1.21,-86.36,36.03,55.7304,2889.42179,61.483,85.80025581583958,-1.2740578344574316,1.0875246469221904,1.253,-54.33,35.59,grid125,52.9512,3.2595,3220.34408,59.6584,70.85951906195116,-56.12799549521024,1.0036108927072775,1.134,-65.42,36.72,WHAM_south_08,61.895,52.9049,1268.50265,97.2247,142.61628,20.39177,248.15,0.6873,-38.2443,-3.5831,lvmSFrame-00008704.fits,sdsswork/lvm/spectro/redux/1.2.0/1028XX/1028806/60281/lvmSFrame-00008704.fits,sdsswork/data/agcam/lco/60281/coadds/lvm.sci.coadd_s00008704.fits,60255,85.30971520543837,-4.49652347217992,62.15378101731304,NGC2024,85.30971520543837,-4.49652347217992,-151.11790251740126,-17.654965490313383
1028XX,1028837,60281,8711,900.0,1,0,0,1.2.0,0,tile_id=1028837,2023-12-03T06:04:20.259,6.18011340129015e-14,3.06501905267191e-14,2.07822730483505e-14,6.13677240696493e-14,3.09220247431083e-14,2.05980287361755e-14,6.28506885669268e-14,3.09122888704705e-14,2.08272351614868e-14,MOD,85.73190080599313,-4.512486674505028,62.13586640572979,1.105,-59.91,36.03,64.7957,1980.07543,61.8218,85.80032388611535,-1.2741600410810159,1.0343640772961142,1.136,-26.8,35.59,grid125,61.6441,3.239,2128.15763,60.3937,70.85946575562335,-56.128002043383866,1.1073082274022181,1.166,-47.27,36.72,WHAM_south_08,59.0243,52.9636,1066.54289,97.4611,143.4865,20.15462,248.91,0.6811,-34.3246,20.1118,lvmSFrame-00008711.fits,sdsswork/lvm/spectro/redux/1.2.0/1028XX/1028837/60281/lvmSFrame-00008711.fits,sdsswork/data/agcam/lco/60281/coadds/lvm.sci.coadd_s00008711.fits,60255,85.73190080599313,-4.512486674505028,62.13586640572979,NGC2024,85.73190080599313,-4.512486674505028,-150.90235672699424,-17.28737334065861
1028XX,1028867,60281,8712,900.0,1,0,0,1.2.0,0,tile_id=1028867,2023-12-03T06:20:37.325,6.20745970544629e-14,3.0856232069064e-14,2.08084009902096e-14,6.06804237246204e-14,3.1106653418832e-14,2.03656731551851e-14,6.17197246519711e-14,3.04352245045887e-14,2.07878076639132e-14,MOD,85.95664299102043,-4.155880722966788,62.11172409354016,1.119,-56.79,36.03,63.3701,1776.29701,61.5416,70.85950751880746,-56.128024539602585,1.511458935513127,1.185,-45.37,35.59,WHAM_south_08,57.5285,53.3547,979.76568,97.4807,85.80033036664747,-1.274117080129556,0.7915247569637481,1.148,-23.35,36.72,grid125,60.5977,2.886,1892.12171,60.473,143.58214,20.12076,249.0,0.6804,-32.6499,22.8163,lvmSFrame-00008712.fits,sdsswork/lvm/spectro/redux/1.2.0/1028XX/1028867/60281/lvmSFrame-00008712.fits,sdsswork/data/agcam/lco/60281/coadds/lvm.sci.coadd_s00008712.fits,60255,85.95664299102043,-4.155880722966788,62.11172409354016,NGC2024,85.95664299102043,-4.155880722966788,-151.1278701348336,-16.925527574012655
1028XX,1028954,60282,8763,900.0,1,0,0,1.2.0,0,tile_id=1028954,2023-12-04T03:07:16.007,6.14860970215573e-14,3.06509267494032e-14,2.06059467843292e-14,5.63140359821533e-14,2.98967128509377e-14,1.98838164890501e-14,6.23247351916329e-14,3.06830871972086e-14,2.06595888608551e-14,MOD,86.43285638338627,-2.7138637431913093,62.088511547670514,1.405,-96.73,36.47,45.3863,2862.12342,69.0522,21.018534908040866,-22.926965158806755,1.076724289219283,1.107,-24.9,36.19,WHAM_south_02,64.5637,66.3467,1244.08924,135.0618,85.80031206372504,-1.274138567521397,1.0028647490305078,1.416,-64.24,37.1,grid125,44.9206,1.5724,3028.83296,69.2102,153.73546,15.97426,258.59,0.6002,-34.8224,-20.7214,lvmSFrame-00008763.fits,sdsswork/lvm/spectro/redux/1.2.0/1028XX/1028954/60282/lvmSFrame-00008763.fits,sdsswork/data/agcam/lco/60282/coadds/lvm.sci.coadd_s00008763.fits,60255,86.43285638338627,-2.7138637431913093,62.088511547670514,NGC2024,86.43285638338627,-2.7138637431913093,-152.23651432452584,-15.841964136606963
1028XX,1028981,60282,8764,900.0,1,0,0,1.2.0,0,tile_id=1028981,2023-12-04T03:25:49.417,6.13719574370321e-14,3.07097405174763e-14,2.0668811114249e-14,5.67796998596441e-14,2.88724116415743e-14,1.88792947121687e-14,6.14842956465664e-14,3.0593581017198e-14,2.07064402509804e-14,MOD,86.46038077720169,-1.9852586797343539,62.1242980715553,1.338,-92.59,36.47,48.3407,3047.30264,68.9441,85.80024783309368,-1.27402407639559,1.2045731960332795,1.339,-60.4,36.19,grid125,48.3145,0.9702,3128.41683,69.3559,21.018520097305988,-22.927035951861914,0.8438160292951004,1.149,-22.12,37.1,WHAM_south_02,60.5193,66.6686,1359.52981,135.1955,153.89465,15.92934,258.73,0.599,-36.3263,-16.8122,lvmSFrame-00008764.fits,sdsswork/lvm/spectro/redux/1.2.0/1028XX/1028981/60282/lvmSFrame-00008764.fits,sdsswork/data/agcam/lco/60282/coadds/lvm.sci.coadd_s00008764.fits,60255,86.46038077720169,-1.9852586797343539,62.1242980715553,NGC2024,86.46038077720169,-1.9852586797343539,-152.89422733841275,-15.480631744469877
1028XX,1028980,60282,8765,900.0,1,0,0,1.2.0,0,tile_id=1028980,2023-12-04T03:42:40.598,6.12890130203584e-14,3.05409592415054e-14,2.06081583296046e-14,6.0924461962005e-14,3.12868537368067e-14,2.13504077858605e-14,6.21348350355218e-14,3.08175469421909e-14,2.0656816237353e-14,MOD,86.26379162093411,-1.6130556648013086,62.11558009778737,1.284,-88.59,36.47,51.163,3136.39002,69.1449,85.80028480863919,-1.2740756252386183,1.1630385636697205,1.283,-56.69,36.19,grid125,51.2199,0.5741,3175.70825,69.4842,70.85951511122315,-56.127976489044315,1.0260906703567196,1.14,-67.06,37.1,WHAM_south_08,61.3261,55.9112,1219.97381,99.4163,154.03484,15.8886,258.86,0.5979,-37.3999,-13.276,lvmSFrame-00008765.fits,sdsswork/lvm/spectro/redux/1.2.0/1028XX/1028980/60282/lvmSFrame-00008765.fits,sdsswork/data/agcam/lco/60282/coadds/lvm.sci.coadd_s00008765.fits,60255,86.26379162093411,-1.6130556648013086,62.11558009778737,NGC2024,86.26379162093411,-1.6130556648013086,-153.33095636353562,-15.481663546614245
1028XX,1028979,60282,8766,900.0,1,0,0,1.2.0,0,tile_id=1028979,2023-12-04T03:59:47.660,6.19471265769052e-14,3.09262689349877e-14,2.06436122728459e-14,5.8527418962563e-14,3.13701180961295e-14,2.06012594000227e-14,6.13718667856232e-14,3.01057768083985e-14,2.05905351913739e-14,MOD,86.06737502027651,-1.2408446213632207,62.166490680383944,1.24,-84.6,36.47,53.7649,3184.58324,69.3457,85.80028246152291,-1.2740810197514423,1.1136283415358297,1.237,-52.9,36.19,grid125,53.9536,0.2691,3181.81764,69.6104,70.85948859302117,-56.12799298407547,1.0333287124412098,1.131,-64.43,37.1,WHAM_south_08,62.1825,56.2427,1263.24403,99.4565,154.17291,15.84719,258.99,0.5968,-38.1869,-9.7016,lvmSFrame-00008766.fits,sdsswork/lvm/spectro/redux/1.2.0/1028XX/1028979/60282/lvmSFrame-00008766.fits,sdsswork/data/agcam/lco/60282/coadds/lvm.sci.coadd_s00008766.fits,60255,86.06737502027651,-1.2408446213632207,62.166490680383944,NGC2024,86.06737502027651,-1.2408446213632207,-153.76762911263492,-15.481755160373224
1028XX,1028978,60282,8767,900.0,1,0,0,1.2.0,0,tile_id=1028978,2023-12-04T04:16:58.736,6.08935474404656e-14,3.05192542955492e-14,2.03947005107491e-14,5.91993778795122e-14,3.06953989721172e-14,2.0697221095223e-14,6.21695822911071e-14,3.09206358003723e-14,2.04566037106229e-14,MOD,85.87113229757054,-0.8685221796856929,62.16768950146673,1.206,-80.5,36.47,56.0416,3189.92675,69.5448,85.8002910706057,-1.2740886485355796,1.080436532562113,1.2,-49.08,36.19,grid125,56.4225,0.4117,3146.30246,69.733,70.85948321693596,-56.127994995831585,1.058019817280755,1.125,-61.84,37.1,WHAM_south_08,62.7255,56.5751,1289.52225,99.4945,154.3071,15.8055,259.11,0.5958,-38.6553,-6.1347,lvmSFrame-00008767.fits,sdsswork/lvm/spectro/redux/1.2.0/1028XX/1028978/60282/lvmSFrame-00008767.fits,sdsswork/data/agcam/lco/60282/coadds/lvm.sci.coadd_s00008767.fits,60255,85.87113229757054,-0.8685221796856929,62.16768950146673,NGC2024,85.87113229757054,-0.8685221796856929,-154.20433146030686,-15.480840499101138
1028XX,1028897,60282,8769,900.0,1,0,0,1.2.0,0,tile_id=1028897,2023-12-04T04:50:08.667,6.23349114913935e-14,3.11016057420785e-14,2.08771486020628e-14,5.60154559440619e-14,2.95400119756142e-14,1.96366653378879e-14,6.36190803295207e-14,3.14122049817434e-14,2.09344096673694e-14,MOD,86.18119769785781,-3.7992660829137637,62.08768011953633,1.129,-74.52,36.47,62.3641,2750.33742,70.364,70.85953731120226,-56.128007548995996,1.4653278619398318,1.124,-57.16,36.19,WHAM_south_08,62.8107,53.7461,1289.81546,99.5605,85.8003325727672,-1.2741377796038094,0.7871515392564149,1.153,-41.52,37.1,grid125,60.155,2.5536,2966.23835,69.9578,154.55353,15.72443,259.34,0.5938,-38.6203,0.6717,lvmSFrame-00008769.fits,sdsswork/lvm/spectro/redux/1.2.0/1028XX/1028897/60282/lvmSFrame-00008769.fits,sdsswork/data/agcam/lco/60282/coadds/lvm.sci.coadd_s00008769.fits,60255,86.18119769785781,-3.7992660829137637,62.08768011953633,NGC2024,86.18119769785781,-3.7992660829137637,-151.35245960814822,-16.563446708396395
1028XX,1028926,60282,8770,900.0,1,0,0,1.2.0,0,tile_id=1028926,2023-12-04T05:07:10.821,6.27872196913576e-14,3.09844182542419e-14,2.09551144056997e-14,5.62109998680595e-14,3.00297269576415e-14,1.97149859455036e-14,6.30327189769051e-14,3.09401726073289e-14,2.09666873597324e-14,MOD,86.40563179412804,-3.4425865714184765,62.09326636157573,1.119,-70.91,36.47,63.3543,2645.1642,70.1471,85.80028885549198,-1.2741120087138489,1.0270342948445872,1.139,-38.0,36.19,grid125,61.4009,2.2512,2821.56647,70.0673,70.85948262131015,-56.12801233848039,1.0986455034017326,1.129,-54.52,37.1,WHAM_south_08,62.3581,54.1378,1264.13908,99.5908,154.67373,15.68231,259.45,0.5929,-38.1221,4.1187,lvmSFrame-00008770.fits,sdsswork/lvm/spectro/redux/1.2.0/1028XX/1028926/60282/lvmSFrame-00008770.fits,sdsswork/data/agcam/lco/60282/coadds/lvm.sci.coadd_s00008770.fits,60255,86.40563179412804,-3.4425865714184765,62.09326636157573,NGC2024,86.40563179412804,-3.4425865714184765,-151.57618142155584,-16.201065474218492
1028XX,1028955,60282,8771,900.0,1,0,0,1.2.0,0,tile_id=1028955,2023-12-04T05:24:01.158,6.12610654087489e-14,3.05551730021469e-14,2.05625264891883e-14,6.049011760996e-14,3.10074888832024e-14,2.05227624157943e-14,6.08022799559663e-14,3.0322749838992e-14,2.06236802692847e-14,MOD,86.62992008698595,-3.085939617993854,62.065892688816,1.114,-67.31,36.47,63.8045,2506.31879,69.926,70.8595405811775,-56.128019163504995,1.4647971201818144,1.137,-52.38,36.19,WHAM_south_08,61.5979,54.5298,1222.13999,99.618,85.80036154429634,-1.274114002628912,0.7809554646459749,1.131,-34.16,37.1,grid125,62.0982,1.9924,2648.07806,70.1714,154.78834,15.64025,259.56,0.5919,-37.3195,7.4853,lvmSFrame-00008771.fits,sdsswork/lvm/spectro/redux/1.2.0/1028XX/1028955/60282/lvmSFrame-00008771.fits,sdsswork/data/agcam/lco/60282/coadds/lvm.sci.coadd_s00008771.fits,60255,86.62992008698595,-3.085939617993854,62.065892688816,NGC2024,86.62992008698595,-3.085939617993854,-151.79899294811037,-15.838470461081027
1028XX,1028982,60282,8772,900.0,1,0,0,1.2.0,0,tile_id=1028982,2023-12-04T05:40:15.295,6.24853701743433e-14,3.1124204906366e-14,2.09386836445481e-14,5.71846388831016e-14,2.96624091528229e-14,1.93153772481439e-14,6.33674958156492e-14,3.14049817111237e-14,2.10008544400456e-14,MOD,86.65718797845426,-2.357315608714129,-1.226702449453197,1.119,-32.0,36.47,63.3318,2369.36197,69.7733,85.80030148724936,-1.2741185738783232,1.0397268599615448,1.13,-30.94,36.19,grid125,62.2293,1.3809,2455.87654,70.2682,70.85952117377775,-56.128021315118424,1.1360238226229622,1.148,-49.95,37.1,WHAM_south_08,60.5948,55.2508,1166.85156,99.6418,154.89498,15.59925,259.66,0.5911,-36.2667,10.6872,lvmSFrame-00008772.fits,sdsswork/lvm/spectro/redux/1.2.0/1028XX/1028982/60282/lvmSFrame-00008772.fits,sdsswork/data/agcam/lco/60282/coadds/lvm.sci.coadd_s00008772.fits,60255,86.65718797845426,-2.357315608714129,-1.226702449453197,NGC2024,86.65718797845426,-2.357315608714129,-152.45755536025248,-15.478572212766366
1029XX,1029007,60282,8779,900.0,1,0,0,1.2.0,0,tile_id=1029007,2023-12-04T08:02:42.466,6.178560174895e-14,3.12485224017674e-14,2.08878374680684e-14,5.7200789360538e-14,3.04257952892187e-14,2.00768121625573e-14,6.28328968073347e-14,3.1549204123371e-14,2.09373915058682e-14,MOD,86.48823398769474,-1.2567902715403338,62.167923699168256,1.394,-37.41,35.78,45.8253,484.13556,70.314,85.8002890534917,-1.2741852864356449,1.4148978506546066,1.406,-5.73,35.31,grid125,45.3258,0.688,488.02891,70.978,70.8594671404574,-56.12801255958901,1.388096182485543,1.421,-32.82,36.35,WHAM_south_08,44.7278,56.302,326.39117,99.7499,155.68595,15.21086,260.41,0.5847,-18.0407,35.5019,lvmSFrame-00008779.fits,sdsswork/lvm/spectro/redux/1.2.0/1029XX/1029007/60282/lvmSFrame-00008779.fits,sdsswork/data/agcam/lco/60282/coadds/lvm.sci.coadd_s00008779.fits,60255,86.48823398769474,-1.2567902715403338,62.167923699168256,NGC2024,86.48823398769474,-1.2567902715403338,-153.5493444746385,-15.117115802929533
1028XX,1028898,60282,8780,900.0,1,0,0,1.2.0,0,tile_id=1028898,2023-12-04T08:19:01.643,6.14995719047588e-14,3.08872965015432e-14,2.08632335341157e-14,7.41478060132012e-14,3.12118818134944e-14,2.06070915978047e-14,6.19296414538276e-14,3.09567138650683e-14,2.08727730227712e-14,MOD,86.3786170818109,-4.171428689249703,62.10089906607306,1.427,-37.13,35.78,44.4741,317.6576,71.3422,70.85933997224119,-56.12796369891633,1.7524819395874434,1.48,-31.35,35.31,WHAM_south_08,42.4995,53.4166,234.13785,99.7516,85.80030022171547,-1.2741065949925863,1.2140389265300895,1.487,-3.33,36.35,grid125,42.2218,2.9543,329.55793,71.0461,155.76298,15.16222,260.48,0.584,-15.2335,37.7251,lvmSFrame-00008780.fits,sdsswork/lvm/spectro/redux/1.2.0/1028XX/1028898/60282/lvmSFrame-00008780.fits,sdsswork/data/agcam/lco/60282/coadds/lvm.sci.coadd_s00008780.fits,60255,86.3786170818109,-4.171428689249703,62.10089906607306,NGC2024,86.3786170818109,-4.171428689249703,-150.9132153924318,-16.557951651831484
1028XX,1028956,60284,8879,900.0,1,0,0,1.2.0,0,tile_id=1028956,2023-12-06T04:42:54.507,6.22440636322122e-14,3.11121104565403e-14,2.09706938703754e-14,5.93163922642092e-14,3.06647675772052e-14,2.03991609613536e-14,6.29165784745723e-14,3.11808401899408e-14,2.10129597821499e-14,MOD,86.8272103972359,-3.457991436756655,62.02974078435043,1.134,-74.79,36.26,61.8598,2785.57786,89.5715,85.800283456328,-1.2740876720520857,1.053363847334608,1.152,-41.59,35.86,grid125,60.2098,2.4129,2989.03337,90.3941,70.85954608094836,-56.12802652944736,0.9728517631037168,1.124,-56.86,36.67,WHAM_south_08,62.7997,54.2013,1277.8583,102.7859,176.07959,5.22419,280.86,0.4071,-38.4847,-12.6322,lvmSFrame-00008879.fits,sdsswork/lvm/spectro/redux/1.2.0/1028XX/1028956/60284/lvmSFrame-00008879.fits,sdsswork/data/agcam/lco/60284/coadds/lvm.sci.coadd_s00008879.fits,60255,86.8272103972359,-3.457991436756655,62.02974078435043,NGC2024,86.8272103972359,-3.457991436756655,-151.3614350806709,-15.8340266592954
1028XX,1028984,60284,8880,900.0,1,0,0,1.2.0,0,tile_id=1028984,2023-12-06T04:59:42.245,6.2633137910878e-14,3.10948123912358e-14,2.09768141442578e-14,5.95259196505092e-14,3.06357930201289e-14,2.08755502410231e-14,6.30468308382291e-14,3.12338456715572e-14,2.10314114281752e-14,MOD,87.05134286859983,-3.101237829454233,62.04109932731529,1.124,-71.17,36.26,62.8776,2704.97905,89.4446,70.85954082586639,-56.12802696863856,1.4558027024314462,1.129,-54.68,35.86,WHAM_south_08,62.3438,54.594,1261.15506,102.8089,85.80034189017913,-1.2741073990761989,0.6808181077605074,1.139,-37.7,36.67,grid125,61.4232,2.2138,2873.80017,90.5248,176.21223,5.16442,281.0,0.406,-38.1484,-9.0378,lvmSFrame-00008880.fits,sdsswork/lvm/spectro/redux/1.2.0/1028XX/1028984/60284/lvmSFrame-00008880.fits,sdsswork/data/agcam/lco/60284/coadds/lvm.sci.coadd_s00008880.fits,60255,87.05134286859983,-3.101237829454233,62.04109932731529,NGC2024,87.05134286859983,-3.101237829454233,-151.58424333449668,-15.47165327888555
1029XX,1029010,60284,8882,900.0,1,0,0,1.2.0,0,tile_id=1029010,2023-12-06T05:21:29.212,6.15554896290425e-14,3.0583344737175e-14,2.0521669700188e-14,8.45350269957503e-14,4.6275722405978e-14,3.08651382359522e-14,6.19831393268835e-14,3.02287782610211e-14,2.05139415860558e-14,MOD,87.07830630915223,-2.3727480968050583,62.082871037396664,1.12,-66.25,35.51,63.2004,2568.50073,89.5137,70.85951687923819,-56.12800406939964,1.500882358206458,1.14,-51.64,35.1,WHAM_south_08,61.2963,55.3143,1214.87815,102.8352,85.80033575391819,-1.2741118577207755,0.6788299773339171,1.13,-33.03,36.17,grid125,62.2009,1.6848,2674.68517,90.6885,176.37828,5.08674,281.16,0.4045,-37.2518,-4.3735,lvmSFrame-00008882.fits,sdsswork/lvm/spectro/redux/1.2.0/1029XX/1029010/60284/lvmSFrame-00008882.fits,sdsswork/data/agcam/lco/60284/coadds/lvm.sci.coadd_s00008882.fits,60255,87.07830630915223,-2.3727480968050583,62.082871037396664,NGC2024,87.07830630915223,-2.3727480968050583,-152.2419054376295,-15.112500692123177
1028XX,1028927,60345,11937,900.0,1,0,0,1.2.0,0,tile_id=1028927,2024-02-05T01:56:16.381,6.90877045417937e-14,3.38682688700443e-14,2.2898081265434e-14,6.97637171870103e-14,3.59750026989632e-14,2.41541511055085e-14,7.02548919081071e-14,3.40107032117909e-14,2.29859157135635e-14,MOD,86.60299472768212,-3.8147009719452445,62.097657354835356,1.112,-59.7,36.63,64.1143,861.65203,145.9727,85.80034747111127,-1.274153659894806,0.956563224887722,1.138,-26.08,36.28,grid125,61.459,2.6641,871.09103,148.5654,70.85951574114463,-56.12801082899679,0.8996965656089225,1.17,-46.8,37.01,WHAM_south_08,58.7069,53.8088,617.06649,98.5897,248.38006,-25.25497,295.06,0.2893,-27.2873,-30.8555,lvmSFrame-00011937.fits,sdsswork/lvm/spectro/redux/1.2.0/1028XX/1028927/60345/lvmSFrame-00011937.fits,sdsswork/data/agcam/lco/60345/coadds/lvm.sci.coadd_s00011937.fits,60339,86.60299472768212,-3.8147009719452445,62.097657354835356,NGC2024,86.60299472768212,-3.8147009719452445,-151.13777764047188,-16.196099865482413
1056XX,1056242,60349,12183,900.0,1,0,0,1.2.0,0,tile_id=1056242,2024-02-09T08:29:26.796,6.85139235524328e-14,3.3634038708322e-14,2.26365986624904e-14,6.17731289565023e-14,3.15598477011544e-14,2.10303956693036e-14,6.89990562389848e-14,3.3645959090422e-14,2.27764593120122e-14,MOD,196.3587504992012,-49.471084282775266,-0.10133984846625405,1.068,-56.82,36.09,69.3999,485.64989,91.3098,197.88163720864844,-46.59727975671564,1.3767311066038428,1.05,-56.07,35.69,grid295,72.1735,3.0487,488.09955,92.1319,185.38306889087102,4.415925806900952,0.6604070910655863,1.215,-20.27,36.69,grid272,55.3689,54.7231,676.62892,129.1344,315.86078,-21.24411,351.28,0.0058,-22.5504,-13.8935,lvmSFrame-00012183.fits,sdsswork/lvm/spectro/redux/1.2.0/1056XX/1056242/60349/lvmSFrame-00012183.fits,sdsswork/data/agcam/lco/60349/coadds/lvm.sci.coadd_s00012183.fits,60339,196.3587504992012,-49.471084282775266,-0.10133984846625405,NGC4945,196.3587504992012,-49.471084282775266,-54.73191240937672,13.337161773586235
1056XX,1056243,60381,14114,900.0,1,0,0,1.2.0,0,tile_id=1056243,2024-03-12T08:52:58.377,6.22172232767318e-14,3.16635839566368e-14,2.12735030453891e-14,5.92171533509759e-14,3.13607963539965e-14,2.08437259021289e-14,6.27591626413396e-14,3.164866035952e-14,2.13067554863749e-14,MOD,197.00561238574562,-49.4688545801886,-0.5813458682760396,1.205,-36.38,35.93,56.0733,689.87489,139.1236,225.1408777837259,19.28210196515144,1.1390859030378289,1.516,-13.53,35.64,grid333,41.2439,73.1456,781.14963,141.943,197.8816296097276,-46.59727696216675,1.1475427349971936,1.183,-34.98,36.48,grid295,57.7079,2.9307,700.40057,142.0157,18.87877,8.62256,28.75,0.0619,-24.1298,-52.3324,lvmSFrame-00014114.fits,sdsswork/lvm/spectro/redux/1.2.0/1056XX/1056243/60381/lvmSFrame-00014114.fits,sdsswork/data/agcam/lco/60381/coadds/lvm.sci.coadd_s00014114.fits,60380,197.00561238574562,-49.4688545801886,-0.5813458682760396,NGC4945,197.00561238574562,-49.4688545801886,-54.30058615950554,13.313755269859056
1056XX,1056245,60405,15660,900.0,1,0,0,1.2.0,3,tile_id=1056245,2024-04-05T02:31:07.027,-999.9,-999.9,-999.9,7.76023362260704e-14,4.19517196113534e-14,2.77150726567072e-14,-999.9,-999.9,-999.9,SCI,196.67912463027005,-49.10218922490542,-0.32869017167994646,1.206,-79.31,36.25,55.9926,3970.09932,101.5939,185.38302234343962,4.415971110764614,1.1600182053712156,1.323,-51.69,36.04,grid272,49.1088,54.4141,18633.89986,141.6373,197.88165246486122,-46.597278998619515,0.9980572990068062,1.204,-78.8,36.86,grid295,56.1222,2.6316,4241.17234,102.6818,328.27931,-16.57606,309.22,0.1846,-50.9733,-42.979,lvmSFrame-00015660.fits,sdsswork/lvm/spectro/redux/1.2.0/1056XX/1056245/60405/lvmSFrame-00015660.fits,sdsswork/data/agcam/lco/60405/coadds/lvm.sci.coadd_s00015660.fits,60402,196.67912463027005,-49.10218922490542,-0.32869017167994646,NGC4945,196.67912463027005,-49.10218922490542,-54.49518962876539,13.693216858968691
1050XX,1050249,60409,15922,900.0,1,0,0,1.2.0,0,tile_id=1050249,2024-04-09T07:45:18.649,-999.9,-999.9,-999.9,5.5696052274419e-14,3.02112768162482e-14,2.07410595991412e-14,-999.9,-999.9,-999.9,SCI,270.64456419228765,-22.937543222356492,-60.56513194106548,1.106,-32.94,35.93,64.7549,1657.44712,117.4226,269.63117011759095,-26.136679288474706,1.4685951553224674,1.09,-63.34,35.5,grid392,66.5381,3.3293,1672.97739,118.392,302.00790285510374,-47.17226171567368,1.1863582300856435,1.505,86.06,36.47,WHAM_south_07,41.611,34.8755,1258.05622,94.426,25.59059,11.92248,8.51,0.0055,-42.5047,-51.0093,lvmSFrame-00015922.fits,sdsswork/lvm/spectro/redux/1.2.0/1050XX/1050249/60409/lvmSFrame-00015922.fits,sdsswork/data/agcam/lco/60409/coadds/lvm.sci.coadd_s00015922.fits,60402,270.64456419228765,-22.937543222356492,-60.56513194106548,NGC6514,270.64456419228765,-22.937543222356492,7.101754629059714,-0.2461162321214373
1056XX,1056244,60493,20486,900.0,1,0,0,1.2.0,0,tile_id=1056244,2024-07-01T23:22:15.500,6.28691430381325e-14,3.18058834150627e-14,2.14536148722634e-14,6.06898585300719e-14,3.18510083491223e-14,2.04964454749632e-14,6.35881076343772e-14,3.18907703099077e-14,2.14470989525229e-14,MOD,196.0371518122765,-49.106221392611886,0.16046940103701532,1.067,-53.82,35.91,69.5462,322.48129,142.956,185.38304570946573,4.415882323705924,0.9480003675848054,1.238,-16.65,35.53,grid272,53.8424,54.3198,277.64961,132.4048,197.88170172133636,-46.59732933590123,0.815758846298765,1.05,-52.94,36.39,grid295,72.2053,2.7974,323.13799,145.481,46.42814,21.0088,309.53,0.1825,-18.2737,-64.8712,lvmSFrame-00020486.fits,sdsswork/lvm/spectro/redux/1.2.0/1056XX/1056244/60493/lvmSFrame-00020486.fits,sdsswork/data/agcam/lco/60493/coadds/lvm.sci.coadd_s00020486.fits,60465,196.0371518122765,-49.106221392611886,0.16046940103701532,NGC4945,196.0371518122765,-49.106221392611886,-54.92734732666395,13.712686354315295
1056XX,1056241,60494,20573,900.0,1,0,0,1.2.0,0,tile_id=1056241,2024-07-02T23:21:24.601,6.30668673438161e-14,3.17172420901398e-14,2.13922940444232e-14,6.14894456428735e-14,3.3127014491815e-14,2.17150663304826e-14,6.3102811908183e-14,3.14339116145385e-14,2.14127267373464e-14,MOD,195.71193299448944,-49.46980597750992,0.4160685756659257,1.071,-53.41,35.95,69.0499,312.03933,137.6535,197.88170410444852,-46.59732869879582,1.2533023971952992,1.051,-52.68,35.38,grid295,72.1388,3.2178,312.75295,139.9213,185.38305744886893,4.4158464211055035,0.5362860130829484,1.243,-15.84,36.6,grid272,53.5465,54.6269,269.03126,118.9163,60.5453,25.02302,322.06,0.1062,-18.0241,-54.5299,lvmSFrame-00020573.fits,sdsswork/lvm/spectro/redux/1.2.0/1056XX/1056241/60494/lvmSFrame-00020573.fits,sdsswork/data/agcam/lco/60494/coadds/lvm.sci.coadd_s00020573.fits,60465,195.71193299448944,-49.46980597750992,0.4160685756659257,NGC4945,195.71193299448944,-49.46980597750992,-55.16328843632306,13.359738505557626
1056XX,1056240,60499,20980,900.0,1,0,0,1.2.0,0,tile_id=1056240,2024-07-07T23:29:13.914,6.39297605706152e-14,3.22668531613944e-14,2.16381170641762e-14,5.98392440987084e-14,3.03748601711192e-14,1.99909278888124e-14,6.38098125272345e-14,3.17542179407481e-14,2.16204088249252e-14,MOD,196.68523820026604,-49.835233798337875,-0.3586709526292473,1.083,-49.86,35.62,67.4494,352.98264,91.6535,185.38303964105634,4.415860297544973,1.0359332490074271,1.297,-10.91,35.31,grid272,50.3902,55.1267,297.18499,53.8641,197.8816889835439,-46.59733406896319,0.8113451437698134,1.059,-48.37,36.07,grid295,70.7057,3.3345,352.04111,90.5328,132.82658,22.42637,23.54,0.0418,-19.2825,1.5501,lvmSFrame-00020980.fits,sdsswork/lvm/spectro/redux/1.2.0/1056XX/1056240/60499/lvmSFrame-00020980.fits,sdsswork/data/agcam/lco/60499/coadds/lvm.sci.coadd_s00020980.fits,60465,196.68523820026604,-49.835233798337875,-0.3586709526292473,NGC4945,196.68523820026604,-49.835233798337875,-54.53705091382636,12.961294114924378
1056XX,1056239,60528,22929,900.0,1,0,0,1.2.0,0,tile_id=1056239,2024-08-06T00:00:56.445,6.38604975322459e-14,3.19029512407881e-14,2.15573140781958e-14,5.94892910860196e-14,3.44504035726575e-14,2.36995562968138e-14,6.41775366801238e-14,3.20504449543071e-14,2.15863473389005e-14,MOD,196.03347812713457,-49.835686196528926,0.07697562460970955,1.339,-31.31,35.17,48.2831,449.41991,74.3438,302.00798632719165,-47.172281810230615,1.4507902520076457,1.488,86.47,34.89,WHAM_south_07,42.2006,63.9091,921.97214,138.0973,197.8816030042368,-46.59731784056224,0.8987201335898076,1.303,-29.66,35.53,grid295,50.09,3.4643,447.48832,72.8771,153.36939,14.36443,16.74,0.0213,-23.4894,-7.594,lvmSFrame-00022929.fits,sdsswork/lvm/spectro/redux/1.2.0/1056XX/1056239/60528/lvmSFrame-00022929.fits,sdsswork/data/agcam/lco/60528/coadds/lvm.sci.coadd_s00022929.fits,60524,196.03347812713457,-49.835686196528926,0.07697562460970955,NGC4945,196.03347812713457,-49.835686196528926,-54.96779022416678,12.984279752053082
1028XX,1028742,60624,29377,900.0,1,0,0,1.2.0,0,tile_id=1028742,2024-11-10T07:43:21.533,6.48385789207311e-14,3.25884841571141e-14,2.20199730692781e-14,6.50022878317807e-14,3.36333612416997e-14,2.28070428486597e-14,6.67407284070086e-14,3.31783667017219e-14,2.21151055745384e-14,MOD,84.07240603467778,-3.7184341571988573,2.2292809970170455,1.125,-26.06,35.58,62.7149,731.75078,108.5048,70.85951245148318,-56.128010712918375,1.6100536703265613,1.179,-45.98,35.24,WHAM_south_08,57.9848,53.4667,552.91618,82.9777,85.8003322706167,-1.2741431134902834,0.7977438168830645,1.144,-24.29,36.28,grid125,60.9521,2.9924,735.13996,110.7943,334.11685,-12.94728,103.26,0.6159,-23.6846,-19.0974,lvmSFrame-00029377.fits,sdsswork/lvm/spectro/redux/1.2.0/1028XX/1028742/60624/lvmSFrame-00029377.fits,sdsswork/data/agcam/lco/60624/coadds/lvm.sci.coadd_s00029377.fits,60607,84.07240603467778,-3.7184341571988573,2.2292809970170455,NGC2024,84.07240603467778,-3.7184341571988573,-152.4391894125391,-18.396507993360945
1042XX,1042419,60629,29620,900.0,1,0,0,1.2.0,0,tile_id=1042419,2024-11-15T05:32:41.465,6.21715483428618e-14,3.20262465966978e-14,2.18294759095322e-14,4.73557663720342e-14,2.95671358519177e-14,2.11481151858405e-14,6.27883144097046e-14,3.22618166248077e-14,2.1887953602556e-14,MOD,99.23402436340749,3.3225966833701412,2.6204838683865175,1.408,-60.65,35.69,45.2465,2372.57151,60.1217,70.85949813400434,-56.128072010451916,1.425172288071272,1.124,-61.45,35.33,WHAM_south_08,62.8072,63.8046,1388.33601,80.2535,97.58101649723343,-9.63103226709217,0.9124137890687302,1.214,-60.89,36.37,grid142,55.4219,13.0579,1985.66169,63.9605,39.85175,19.73396,169.77,0.9921,-39.8372,34.5951,lvmSFrame-00029620.fits,sdsswork/lvm/spectro/redux/1.2.0/1042XX/1042419/60629/lvmSFrame-00029620.fits,sdsswork/data/agcam/lco/60629/coadds/lvm.sci.coadd_s00029620.fits,60607,99.23402436340749,3.3225966833701412,2.6204838683865175,NGC2237,99.23402436340749,3.3225966833701412,-151.67977486397933,-1.7050878371686218
1039XX,1039350,60638,30171,900.0,1,0,0,1.2.0,0,tile_id=1039350,2024-11-24T04:26:09.341,6.40712117553533e-14,3.21147419999779e-14,2.16514551810804e-14,6.42028989358242e-14,3.3247542114465e-14,2.21189372380229e-14,6.4131271533524e-14,3.22342590629268e-14,2.17291404858858e-14,MOD,96.70592695742243,3.435711438015217,2.410510098238402,1.508,-65.13,35.68,41.5287,3422.06239,70.1186,100.17871333049388,8.96710570907656,1.5041231556588022,1.735,-65.73,35.44,grid146,35.1732,6.5197,3880.80144,66.0813,70.85954334659327,-56.12805121197706,1.038384923409315,1.136,-65.97,36.38,WHAM_south_08,61.7218,63.1968,1402.64835,100.2533,167.09935,8.17317,282.91,0.3896,-40.3448,-19.553,lvmSFrame-00030171.fits,sdsswork/lvm/spectro/redux/1.2.0/1039XX/1039350/60638/lvmSFrame-00030171.fits,sdsswork/data/agcam/lco/60638/coadds/lvm.sci.coadd_s00030171.fits,60636,96.70592695742243,3.435711438015217,2.410510098238402,NGC2237,96.70592695742243,3.435711438015217,-152.9433073061859,-3.8935460652950797
1039XX,1039863,60638,30172,900.0,1,0,0,1.2.0,0,tile_id=1039863,2024-11-24T04:42:23.674,6.4262865681876e-14,3.23208258793809e-14,2.18459756430463e-14,6.67343920853027e-14,3.43308377216769e-14,2.29559739270726e-14,6.49297097709904e-14,3.24969776126366e-14,2.19018925669163e-14,MOD,97.32136075937986,3.0446504882509355,2.508893607525656,1.434,-62.2,35.63,44.2202,3154.56364,69.6951,100.17872524304414,8.967080049474308,1.4508146344305675,1.626,-62.05,35.44,grid146,37.9286,6.5683,3603.37559,66.2207,70.85949294412993,-56.127998565798585,1.051796981323359,1.128,-63.49,36.38,WHAM_south_08,62.4208,62.9902,1397.44535,100.2836,167.23496,8.11838,283.05,0.3884,-40.2514,-16.0862,lvmSFrame-00030172.fits,sdsswork/lvm/spectro/redux/1.2.0/1039XX/1039863/60638/lvmSFrame-00030172.fits,sdsswork/data/agcam/lco/60638/coadds/lvm.sci.coadd_s00030172.fits,60636,97.32136075937986,3.0446504882509355,2.508893607525656,NGC2237,97.32136075937986,3.0446504882509355,-152.31154859381604,-3.528812782034784
1039XX,1039349,60638,30173,900.0,1,0,0,1.2.0,0,tile_id=1039349,2024-11-24T04:58:34.186,6.4149407822394e-14,3.23734090523626e-14,2.18275406426907e-14,6.59952676518268e-14,3.41899461584329e-14,2.27171834552395e-14,6.39299362364446e-14,3.20811362721312e-14,2.18533656791973e-14,MOD,96.51129851370206,3.8083091675926504,2.376862951390247,1.371,-57.59,35.63,46.8237,3033.93901,70.5298,70.859550738934,-56.12808786099883,1.54938880133949,1.124,-61.27,35.42,WHAM_south_08,62.8273,63.5029,1375.57184,100.3117,100.17873802005948,8.967114922626852,1.01808628809063,1.538,-58.09,36.38,grid146,40.5187,6.3157,3321.61686,66.3559,167.36635,8.0638,283.18,0.3873,-39.8538,-12.6303,lvmSFrame-00030173.fits,sdsswork/lvm/spectro/redux/1.2.0/1039XX/1039349/60638/lvmSFrame-00030173.fits,sdsswork/data/agcam/lco/60638/coadds/lvm.sci.coadd_s00030173.fits,60636,96.51129851370206,3.8083091675926504,2.376862951390247,NGC2237,96.51129851370206,3.8083091675926504,-153.36446741375875,-3.8935484849166992
1039XX,1039862,60638,30174,900.0,1,0,0,1.2.0,0,tile_id=1039862,2024-11-24T05:16:21.472,6.46446528247475e-14,3.2288199136828e-14,2.18116048109292e-14,6.74932372357399e-14,3.48846158918739e-14,2.3533899331328e-14,6.38861221840408e-14,3.17566423473633e-14,2.18204049071225e-14,MOD,97.12722605701447,3.4176432662611407,2.4521992304671816,1.316,-54.23,35.63,49.4441,2728.03224,70.1091,100.17870564931846,8.96707928841586,1.3558409770364288,1.462,-54.1,35.29,grid146,43.1576,6.3239,3007.54574,66.5005,70.8595074260909,-56.128049666184175,1.0668648104263885,1.123,-58.43,36.27,WHAM_south_08,62.9245,63.2948,1332.82102,100.3401,167.5065,8.00373,283.32,0.3861,-39.0742,-8.8307,lvmSFrame-00030174.fits,sdsswork/lvm/spectro/redux/1.2.0/1039XX/1039862/60638/lvmSFrame-00030174.fits,sdsswork/data/agcam/lco/60638/coadds/lvm.sci.coadd_s00030174.fits,60636,97.12722605701447,3.4176432662611407,2.4521992304671816,NGC2237,97.12722605701447,3.4176432662611407,-152.73269461514045,-3.5288358194929828
1040XX,1040375,60638,30175,900.0,1,0,0,1.2.0,0,tile_id=1040375,2024-11-24T05:32:30.154,6.40554034275602e-14,3.23274732868935e-14,2.17687789245267e-14,6.60465990554838e-14,3.45058773597944e-14,2.28918663186249e-14,6.34367547446741e-14,3.17351034024611e-14,2.18127074912108e-14,MOD,97.74253764419143,3.0259791948102994,2.542973342365056,1.275,-51.25,35.63,51.6664,2451.41626,69.6722,100.17875533445235,8.967078520243223,1.302169764792439,1.406,-50.24,35.27,grid146,45.3305,6.4157,2720.79398,66.6278,70.85949331282879,-56.12800623385033,1.0923069544902193,1.125,-56.09,36.27,WHAM_south_08,62.6918,63.0903,1277.89606,100.3637,167.62972,7.94913,283.44,0.3851,-38.0693,-5.3866,lvmSFrame-00030175.fits,sdsswork/lvm/spectro/redux/1.2.0/1040XX/1040375/60638/lvmSFrame-00030175.fits,sdsswork/data/agcam/lco/60638/coadds/lvm.sci.coadd_s00030175.fits,60636,97.74253764419143,3.0259791948102994,2.542973342365056,NGC2237,97.74253764419143,3.0259791948102994,-152.10093304349252,-3.164075072562905
1040XX,1040887,60638,30176,900.0,1,0,0,1.2.0,0,tile_id=1040887,2024-11-24T05:48:44.168,6.47852885073446e-14,3.24350738693944e-14,2.18846340584781e-14,7.64939561679647e-14,3.7534998037822e-14,2.53570139823473e-14,6.49471253536457e-14,3.23825684484305e-14,2.1904660851836e-14,MOD,98.16371927149918,3.007017052917752,2.5789643278594334,1.244,-47.94,35.63,53.4891,2201.77808,69.3766,100.17876383454936,8.967074784529276,1.2674485913164837,1.361,-46.31,35.24,grid146,47.2678,6.2877,2433.15861,66.7521,70.85948735225449,-56.12800434722826,1.1022359111327227,1.131,-53.79,36.27,WHAM_south_08,62.1583,63.1918,1208.33475,100.3851,167.74978,7.89411,283.56,0.3841,-36.7906,-1.9312,lvmSFrame-00030176.fits,sdsswork/lvm/spectro/redux/1.2.0/1040XX/1040887/60638/lvmSFrame-00030176.fits,sdsswork/data/agcam/lco/60638/coadds/lvm.sci.coadd_s00030176.fits,60636,98.16371927149918,3.007017052917752,2.5789643278594334,NGC2237,98.16371927149918,3.007017052917752,-151.89034331215927,-2.7993362775332162
1040XX,1040374,60638,30177,900.0,1,0,0,1.2.0,0,tile_id=1040374,2024-11-24T06:05:02.081,6.38190694532069e-14,3.20742577559107e-14,2.15958310873929e-14,6.78579808564409e-14,3.63044345152638e-14,2.46761123517815e-14,6.45559341544502e-14,3.22745502621199e-14,2.16579231802884e-14,MOD,97.54858970910887,3.3992437621398515,2.512596830671875,1.219,-43.45,35.63,55.0643,1991.45002,70.0528,70.85949645089156,-56.12806877113792,1.6012356466944684,1.14,-51.74,35.24,WHAM_south_08,61.3386,63.3941,1125.47813,100.4043,100.17878222776962,8.96709130127424,0.8138332342507271,1.326,-42.13,36.27,grid146,48.9274,6.1509,2147.61778,66.8731,167.86644,7.83873,283.67,0.3831,-35.2549,1.5265,lvmSFrame-00030177.fits,sdsswork/lvm/spectro/redux/1.2.0/1040XX/1040374/60638/lvmSFrame-00030177.fits,sdsswork/data/agcam/lco/60638/coadds/lvm.sci.coadd_s00030177.fits,60636,97.54858970910887,3.3992437621398515,2.512596830671875,NGC2237,97.54858970910887,3.3992437621398515,-152.52207947565904,-3.1640744592256786
1041XX,1041398,60638,30178,900.0,1,0,0,1.2.0,0,tile_id=1041398,2024-11-24T06:22:49.250,6.43149599898611e-14,3.2205729586976e-14,2.17684830388986e-14,6.94259021110379e-14,3.50003172243916e-14,2.38941687761814e-14,6.45087060926749e-14,3.22246179740195e-14,2.1815287017743e-14,MOD,98.5849134988458,2.9877488622458626,2.608859895966737,1.198,-40.52,35.47,56.5534,1691.49498,69.1996,70.85949973306609,-56.12802072189078,1.6432169188288437,1.153,-49.33,35.22,WHAM_south_08,60.1494,63.2946,1022.27254,100.4226,100.17880535657424,8.967068067317669,0.7792781080962929,1.298,-37.8,36.15,grid146,50.3697,6.1857,1843.03501,67.0009,167.98932,7.77807,283.8,0.382,-33.3157,5.2821,lvmSFrame-00030178.fits,sdsswork/lvm/spectro/redux/1.2.0/1041XX/1041398/60638/lvmSFrame-00030178.fits,sdsswork/data/agcam/lco/60638/coadds/lvm.sci.coadd_s00030178.fits,60636,98.5849134988458,2.9877488622458626,2.608859895966737,NGC2237,98.5849134988458,2.9877488622458626,-151.67974420394026,-2.4346015921469624
1040XX,1040886,60638,30179,900.0,1,0,0,1.2.0,0,tile_id=1040886,2024-11-24T06:39:02.396,6.41618482121128e-14,3.25661848568311e-14,2.18927274884271e-14,7.19090200772316e-14,3.70863462348849e-14,2.49752099240221e-14,6.52431252080467e-14,3.29114539412678e-14,2.19700358352834e-14,MOD,97.96992795960148,3.380538287154415,2.5505532705926437,1.189,-36.09,35.42,57.1913,1477.3065,69.868,100.17876954817832,8.967078312643034,1.2077880777393082,1.281,-34.08,35.2,grid146,51.3135,6.0023,1574.92126,67.1136,70.85948042498997,-56.128038280700736,1.1531341709383225,1.169,-46.97,36.11,WHAM_south_08,58.8285,63.4947,918.77769,100.4369,168.09737,7.72253,283.91,0.3811,-31.3303,8.6861,lvmSFrame-00030179.fits,sdsswork/lvm/spectro/redux/1.2.0/1040XX/1040886/60638/lvmSFrame-00030179.fits,sdsswork/data/agcam/lco/60638/coadds/lvm.sci.coadd_s00030179.fits,60636,97.96992795960148,3.380538287154415,2.5505532705926437,NGC2237,97.96992795960148,3.380538287154415,-152.31150784555746,-2.799335063108579
1041XX,1041397,60638,30180,900.0,1,0,0,1.2.0,0,tile_id=1041397,2024-11-24T06:55:14.047,6.43720719202241e-14,3.20764717168531e-14,2.17334741667536e-14,6.87920944292907e-14,3.70685572379266e-14,2.48024727125772e-14,6.59492647046368e-14,3.25968802426368e-14,2.17958889917956e-14,MOD,98.39127862805879,3.361493880519514,2.608262048115235,1.184,-32.87,35.42,57.5912,1240.94871,69.5567,100.17878300996232,8.96705670477901,1.2109513761003745,1.271,-30.19,35.17,grid146,51.8749,5.8803,1319.61754,67.2224,70.85945207584322,-56.12801355458198,1.1810804351721986,1.188,-44.88,36.09,WHAM_south_08,57.3159,63.5966,808.97093,100.4488,168.2015,7.66682,284.01,0.3802,-29.1623,12.0602,lvmSFrame-00030180.fits,sdsswork/lvm/spectro/redux/1.2.0/1041XX/1041397/60638/lvmSFrame-00030180.fits,sdsswork/data/agcam/lco/60638/coadds/lvm.sci.coadd_s00030180.fits,60636,98.39127862805879,3.361493880519514,2.608262048115235,NGC2237,98.39127862805879,3.361493880519514,-152.1009149111101,-2.434604418138769
1041XX,1041908,60638,30181,900.0,1,0,0,1.2.0,0,tile_id=1041908,2024-11-24T07:11:25.683,6.45620641795306e-14,3.2803695346438e-14,2.20163058248123e-14,7.04672940685745e-14,3.4226637198073e-14,2.30459193865786e-14,6.44495274569542e-14,3.24589124681042e-14,2.19772255049645e-14,MOD,98.81264074829366,3.3421732151785464,2.6426219135074183,1.184,-29.7,35.4,57.6175,1018.28167,69.2417,100.17878256911476,8.967066958126814,1.224269653070232,1.268,-26.36,35.14,grid146,52.0386,5.7864,1079.89631,67.3277,70.85943341480179,-56.12800168776004,1.2017746236672864,1.211,-42.85,36.09,WHAM_south_08,55.6387,63.6999,695.36345,100.4585,168.30195,7.61083,284.11,0.3794,-26.8281,15.4042,lvmSFrame-00030181.fits,sdsswork/lvm/spectro/redux/1.2.0/1041XX/1041908/60638/lvmSFrame-00030181.fits,sdsswork/data/agcam/lco/60638/coadds/lvm.sci.coadd_s00030181.fits,60636,98.81264074829366,3.3421732151785464,2.6426219135074183,NGC2237,98.81264074829366,3.3421732151785464,-151.89033876163373,-2.069859695936608
1039XX,1039348,60639,30197,900.0,1,0,0,1.2.0,0,tile_id=1039348,2024-11-25T04:04:49.539,6.36448610045928e-14,3.22076959339317e-14,2.17494065596652e-14,6.39329665850089e-14,3.41787167140674e-14,2.29479487962211e-14,6.4120905950909e-14,3.22447059709242e-14,2.17927544089276e-14,MOD,96.31628311348818,4.180778372749127,2.3366449285747364,1.619,-68.5,36.21,38.1401,3789.38241,80.9045,70.85958576777851,-56.128061789351904,1.3770862494191083,1.147,-68.88,35.83,WHAM_south_08,60.6755,63.8095,1370.25643,101.3649,100.17872312939993,8.96715463237576,1.0850272974006239,1.882,-69.38,36.67,grid146,32.0743,6.1338,4262.45105,76.9514,177.38419,2.67201,293.5,0.3018,-39.7964,-29.4738,lvmSFrame-00030197.fits,sdsswork/lvm/spectro/redux/1.2.0/1039XX/1039348/60639/lvmSFrame-00030197.fits,sdsswork/data/agcam/lco/60639/coadds/lvm.sci.coadd_s00030197.fits,60636,96.31628311348818,4.180778372749127,2.3366449285747364,NGC2237,96.31628311348818,4.180778372749127,-153.78565333561582,-3.893573430144423
1039XX,1039347,60639,30198,900.0,1,0,0,1.2.0,0,tile_id=1039347,2024-11-25T04:21:29.840,6.50577347473631e-14,3.1915067194677e-14,2.16346284677111e-14,6.23758725248906e-14,3.34449131619042e-14,2.23277258433408e-14,6.49756010485646e-14,3.14639564011711e-14,2.16472729347264e-14,MOD,96.12094067083379,4.5530936245461415,2.305229574440478,1.524,-64.57,36.09,41.0184,3638.11446,81.239,100.17873036404688,8.967090943378171,1.3504611555577186,1.741,-65.89,35.69,grid146,35.0466,5.976,3984.62111,77.1079,70.8595799451801,-56.128089000394816,0.9033569300415142,1.136,-66.08,36.59,WHAM_south_08,61.6839,64.1167,1387.82006,101.3933,177.53312,2.60921,293.65,0.3006,-40.1159,-26.0155,lvmSFrame-00030198.fits,sdsswork/lvm/spectro/redux/1.2.0/1039XX/1039347/60639/lvmSFrame-00030198.fits,sdsswork/data/agcam/lco/60639/coadds/lvm.sci.coadd_s00030198.fits,60636,96.12094067083379,4.5530936245461415,2.305229574440478,NGC2237,96.12094067083379,4.5530936245461415,-154.2068110150231,-3.8935626957503597
1039XX,1039859,60651,30758,900.0,1,0,0,1.2.0,0,tile_id=1039859,2024-12-07T03:41:29.003,6.45135970713784e-14,3.25536487514967e-14,2.18814010717604e-14,6.84653917075236e-14,3.58192418663956e-14,2.35945715822438e-14,6.42338489769353e-14,3.22494103996487e-14,2.19048671285559e-14,MOD,96.54286284274284,4.535971363064415,2.3486413829742725,1.495,-63.33,35.71,41.9826,3907.0278,127.749,70.85955212690702,-56.12806638126239,1.4937915556924264,1.132,-65.19,35.32,WHAM_south_08,62.0314,64.2122,1179.0426,84.0586,100.17873900592116,8.96712814821938,1.1086638840256442,1.689,-64.07,36.45,grid146,36.2827,5.7153,4854.45725,132.3327,328.60293,-15.19985,70.37,0.3331,-36.7946,5.4278,lvmSFrame-00030758.fits,sdsswork/lvm/spectro/redux/1.2.0/1039XX/1039859/60651/lvmSFrame-00030758.fits,sdsswork/data/agcam/lco/60651/coadds/lvm.sci.coadd_s00030758.fits,60636,96.54286284274284,4.535971363064415,2.3486413829742725,NGC2237,96.54286284274284,4.535971363064415,-153.99623463749137,-3.528819770849019
1039XX,1039858,60651,30759,900.0,1,0,0,1.2.0,0,tile_id=1039858,2024-12-07T03:57:38.463,6.4690910229031e-14,3.24306460616413e-14,2.19479337120546e-14,6.4525321780409e-14,3.39893568325606e-14,2.24253844862174e-14,6.62590807284218e-14,3.28927022599809e-14,2.20419529162607e-14,MOD,96.34737564466722,4.908445852376347,2.2972182775428864,1.426,-59.41,35.71,44.5201,3879.63424,127.5252,70.85952908153706,-56.128012881513335,1.5141261204808711,1.126,-62.74,35.28,WHAM_south_08,62.6149,64.5191,1222.36828,84.0445,100.17876903776337,8.967058795712292,1.051598544776023,1.589,-60.37,36.45,grid146,38.9664,5.5616,4622.37374,132.1906,328.75251,-15.12219,70.52,0.3344,-37.5862,2.0969,lvmSFrame-00030759.fits,sdsswork/lvm/spectro/redux/1.2.0/1039XX/1039858/60651/lvmSFrame-00030759.fits,sdsswork/data/agcam/lco/60651/coadds/lvm.sci.coadd_s00030759.fits,60636,96.34737564466722,4.908445852376347,2.2972182775428864,NGC2237,96.34737564466722,4.908445852376347,-154.41738223537007,-3.5288096789377956
1040XX,1040371,60651,30760,900.0,1,0,0,1.2.0,0,tile_id=1040371,2024-12-07T04:15:17.683,6.47289547232408e-14,3.24426934867206e-14,2.19435404944243e-14,7.27629024249236e-14,3.70847822668464e-14,2.45471695373284e-14,6.60023011298092e-14,3.29307647360181e-14,2.20854553109707e-14,MOD,96.96482713518964,4.518405091544747,2.371076617378162,1.363,-56.09,35.73,47.1838,3657.02638,127.8617,70.85952047127023,-56.128011217860944,1.51833843612686,1.123,-60.11,35.36,WHAM_south_08,62.9147,64.3089,1252.84669,84.0264,100.17876705554359,8.96707150883317,0.9785861244464595,1.502,-56.25,36.16,grid146,41.7104,5.4747,4352.56652,132.0307,328.9205,-15.03751,70.69,0.3358,-38.1306,-1.506,lvmSFrame-00030760.fits,sdsswork/lvm/spectro/redux/1.2.0/1040XX/1040371/60651/lvmSFrame-00030760.fits,sdsswork/data/agcam/lco/60651/coadds/lvm.sci.coadd_s00030760.fits,60636,96.96482713518964,4.518405091544747,2.371076617378162,NGC2237,96.96482713518964,4.518405091544747,-153.78561801300887,-3.164066366958777
1041XX,1041907,60651,30762,900.0,1,0,0,1.2.0,0,tile_id=1041907,2024-12-07T04:47:37.334,6.49168422099675e-14,3.24704928493223e-14,2.20098263998082e-14,6.83710884549117e-14,3.60919646905661e-14,2.35798041267385e-14,6.44340857222599e-14,3.19662410665738e-14,2.19741843666079e-14,MOD,98.61893538758518,3.7160451416175633,2.560072045726289,1.279,-50.5,35.73,51.4323,3176.37585,128.9408,70.85949597610669,-56.12799687966334,1.5460327475057078,1.127,-55.41,35.32,WHAM_south_08,62.5205,64.0016,1260.99206,83.986,100.17879092578902,8.967067795417107,0.8752441615815905,1.387,-48.52,36.14,grid146,46.1055,5.4749,3815.62678,131.7254,329.2402,-14.8832,71.01,0.3384,-38.2304,-7.9873,lvmSFrame-00030762.fits,sdsswork/lvm/spectro/redux/1.2.0/1041XX/1041907/60651/lvmSFrame-00030762.fits,sdsswork/data/agcam/lco/60651/coadds/lvm.sci.coadd_s00030762.fits,60636,98.61893538758518,3.7160451416175633,2.560072045726289,NGC2237,98.61893538758518,3.7160451416175633,-152.31151697035781,-2.0698414866527814
1042XX,1042417,60651,30765,900.0,1,0,0,1.2.0,0,tile_id=1042417,2024-12-07T05:37:48.110,6.46451349362846e-14,3.25792179079951e-14,2.19416934045445e-14,7.54476516065895e-14,4.04941052435172e-14,2.4978773187807e-14,6.51716899962775e-14,3.27261220537149e-14,2.19993241813718e-14,MOD,98.8466899386933,4.070565897556266,2.5290915698961665,1.208,-39.01,35.67,55.8386,2536.86792,128.7806,100.1787808192017,8.967070202160963,1.1612274887936695,1.291,-36.53,35.19,grid146,50.7677,5.0721,2896.22372,131.2213,70.85949232320999,-56.128040310920625,1.1207668857393596,1.158,-48.31,36.25,WHAM_south_08,59.6768,64.4067,1152.62966,83.9043,329.76593,-14.64663,71.53,0.3427,-36.1121,-17.664,lvmSFrame-00030765.fits,sdsswork/lvm/spectro/redux/1.2.0/1042XX/1042417/60651/lvmSFrame-00030765.fits,sdsswork/data/agcam/lco/60651/coadds/lvm.sci.coadd_s00030765.fits,60636,98.8466899386933,4.070565897556266,2.5290915698961665,NGC2237,98.8466899386933,4.070565897556266,-152.52208614680092,-1.7051132803478652
1043XX,1043877,60651,30767,900.0,1,0,0,1.2.0,0,tile_id=1043877,2024-12-07T06:10:14.500,6.43636684786086e-14,3.24384120265931e-14,2.18851838271808e-14,6.83281419200198e-14,3.50926897307866e-14,2.31662644674478e-14,6.58315796858908e-14,3.30272365411041e-14,2.19756226596323e-14,MOD,99.91846576039032,4.385562331438483,2.6945185940662455,1.198,-32.51,35.63,56.5729,2027.56312,129.568,100.17879189680252,8.967069160715948,1.1659079701922863,1.269,-28.74,35.17,grid146,51.9844,4.5888,2278.20097,130.8774,70.85945215628333,-56.12800852422855,1.1841114605582954,1.196,-44.11,36.21,WHAM_south_08,56.699,65.0223,1012.74855,83.8394,330.12339,-14.49623,71.88,0.3457,-33.3978,-23.5877,lvmSFrame-00030767.fits,sdsswork/lvm/spectro/redux/1.2.0/1043XX/1043877/60651/lvmSFrame-00030767.fits,sdsswork/data/agcam/lco/60651/coadds/lvm.sci.coadd_s00030767.fits,60636,99.91846576039032,4.385562331438483,2.6945185940662455,NGC2237,99.91846576039032,4.385562331438483,-152.31151664125534,-0.6108742383474389
1039XX,1039857,60652,30813,900.0,1,0,0,1.2.0,0,tile_id=1039857,2024-12-08T03:42:37.760,6.45032646387407e-14,3.2417261188292e-14,2.17848674961087e-14,6.83605281266956e-14,3.5111104384483e-14,2.36139231571923e-14,6.36996034491354e-14,3.19847515095504e-14,2.17775777713307e-14,MOD,96.15147895847586,5.280804307776061,2.2512545248401867,1.478,-61.61,35.68,42.5555,4026.4782,115.2754,100.17873290480078,8.967107075199724,1.4115102452228265,1.655,-63.13,35.29,grid146,37.1422,5.4362,4839.97604,119.6757,70.85953329645355,-56.12805488053824,1.0168300140420816,1.13,-64.2,36.14,WHAM_south_08,62.2455,64.8267,1173.59687,82.0434,341.356,-9.26357,83.1,0.4412,-36.7326,12.5234,lvmSFrame-00030813.fits,sdsswork/lvm/spectro/redux/1.2.0/1039XX/1039857/60652/lvmSFrame-00030813.fits,sdsswork/data/agcam/lco/60652/coadds/lvm.sci.coadd_s00030813.fits,60636,96.15147895847586,5.280804307776061,2.2512545248401867,NGC2237,96.15147895847586,5.280804307776061,-154.83856584997795,-3.5288053876234375
1040XX,1040370,60652,30814,900.0,1,0,0,1.2.0,0,tile_id=1040370,2024-12-08T04:00:15.258,6.42367540813644e-14,3.21230490865568e-14,2.14143390287769e-14,6.93502912155473e-14,3.54877255799158e-14,2.35431801805059e-14,6.49393987016728e-14,3.23590422509609e-14,2.14586536977275e-14,MOD,96.76955560831193,4.891212453856686,2.3207210713768167,1.406,-58.29,35.47,45.305,3833.54462,115.6869,100.17873914065679,8.967068184552277,1.3533616727779698,1.555,-59.06,35.17,grid146,40.0083,5.2973,4594.46621,119.5248,70.85951074127314,-56.12799696573321,1.0298060242521847,1.125,-61.54,35.92,WHAM_south_08,62.768,64.6151,1219.32601,82.0346,341.5015,-9.17641,83.25,0.4425,-37.5675,8.7577,lvmSFrame-00030814.fits,sdsswork/lvm/spectro/redux/1.2.0/1040XX/1040370/60652/lvmSFrame-00030814.fits,sdsswork/data/agcam/lco/60652/coadds/lvm.sci.coadd_s00030814.fits,60636,96.76955560831193,4.891212453856686,2.3207210713768167,NGC2237,96.76955560831193,4.891212453856686,-154.20680690836852,-3.1640606543118133
1042XX,1042927,60652,30820,900.0,1,0,0,1.2.0,0,tile_id=1042927,2024-12-08T05:39:21.838,6.51876902473429e-14,3.27104174170332e-14,2.19942123387743e-14,7.12323097717996e-14,3.90644118681797e-14,2.69439738965989e-14,6.60437901135016e-14,3.29360218595201e-14,2.20353997410659e-14,MOD,99.07459961008627,4.425115269882418,2.5877281526804863,1.209,-37.75,35.31,55.7529,2549.96523,116.9995,70.85943337648689,-56.12800059241146,1.5863849533390624,1.164,-47.79,34.99,WHAM_south_08,59.2258,64.812,1141.77273,81.9339,100.17879168426849,8.967071623165868,0.7223679477495458,1.285,-34.99,36.14,grid146,51.0821,4.6724,2896.83283,118.588,342.40786,-8.68867,84.2,0.4507,-35.9344,-11.9941,lvmSFrame-00030820.fits,sdsswork/lvm/spectro/redux/1.2.0/1042XX/1042927/60652/lvmSFrame-00030820.fits,sdsswork/data/agcam/lco/60652/coadds/lvm.sci.coadd_s00030820.fits,60636,99.07459961008627,4.425115269882418,2.5877281526804863,NGC2237,99.07459961008627,4.425115269882418,-152.73267881840286,-1.3403597774572709
1043XX,1043438,60652,30821,900.0,1,0,0,1.2.0,0,tile_id=1043438,2024-12-08T05:55:49.277,6.44199701294918e-14,3.23337207254744e-14,2.18165558647097e-14,6.86486606189731e-14,3.51847415880691e-14,2.32740881964754e-14,6.57531000095343e-14,3.28961628365346e-14,2.19045292185951e-14,MOD,99.49655794895322,4.405444943623927,2.6215920652037337,1.2,-34.4,35.31,56.3711,2284.04905,117.2507,100.1787823430942,8.967082070576822,1.1411317774060874,1.273,-31.23,34.99,grid146,51.7624,4.6117,2581.94145,118.4183,70.85948309754875,-56.128032437825645,1.1359885927053064,1.182,-45.45,36.17,WHAM_south_08,57.7403,64.9165,1076.32938,81.9087,342.5724,-8.60847,84.37,0.4522,-34.6636,-15.3317,lvmSFrame-00030821.fits,sdsswork/lvm/spectro/redux/1.2.0/1043XX/1043438/60652/lvmSFrame-00030821.fits,sdsswork/data/agcam/lco/60652/coadds/lvm.sci.coadd_s00030821.fits,60636,99.49655794895322,4.405444943623927,2.6215920652037337,NGC2237,99.49655794895322,4.405444943623927,-152.52205706485816,-0.975617044107499
1043XX,1043876,60652,30823,900.0,1,0,0,1.2.0,0,tile_id=1043876,2024-12-08T06:29:49.611,6.49833220876437e-14,3.26338250891826e-14,2.19651524161112e-14,6.45364526081964e-14,3.36164627666985e-14,2.23638131802616e-14,6.54734096401e-14,3.28176608309499e-14,2.19924710977166e-14,MOD,99.72482924360641,4.759864746638575,2.6605430073125653,1.206,-26.86,35.38,56.0045,1755.62709,117.171,70.85946850140775,-56.12802333036099,1.650898588968352,1.234,-41.42,34.91,WHAM_south_08,54.14,65.3223,904.20552,81.8491,100.17881399831964,8.967084711607699,0.7213941803074911,1.271,-23.05,35.97,grid146,51.8688,4.2313,1935.23261,118.0559,342.92414,-8.44378,84.73,0.4553,-31.2746,-22.0787,lvmSFrame-00030823.fits,sdsswork/lvm/spectro/redux/1.2.0/1043XX/1043876/60652/lvmSFrame-00030823.fits,sdsswork/data/agcam/lco/60652/coadds/lvm.sci.coadd_s00030823.fits,60636,99.72482924360641,4.759864746638575,2.6605430073125653,NGC2237,99.72482924360641,4.759864746638575,-152.7326806343792,-0.6108777624621725
1040XX,1040369,60653,30868,900.0,1,0,0,1.2.0,0,tile_id=1040369,2024-12-09T03:40:35.220,6.36729061954331e-14,3.20597910122363e-14,2.15845167738891e-14,6.803557328025e-14,3.49367668740029e-14,2.31957884129207e-14,6.51390666758069e-14,3.23541001432906e-14,2.1636480095344e-14,MOD,96.57390664793135,5.263867801155434,2.3090184055886915,1.477,-61.61,35.7,42.6029,3998.26259,102.9177,100.17873357801776,8.967114756072622,1.3636387360128004,1.643,-62.69,35.42,grid146,37.4583,5.1483,4864.32039,106.5558,70.85954912307834,-56.12807260934857,0.957150559192808,1.129,-63.91,36.44,WHAM_south_08,62.3179,64.9219,1158.58182,80.505,353.84556,-2.75196,96.05,0.554,-36.4937,19.8704,lvmSFrame-00030868.fits,sdsswork/lvm/spectro/redux/1.2.0/1040XX/1040369/60653/lvmSFrame-00030868.fits,sdsswork/data/agcam/lco/60653/coadds/lvm.sci.coadd_s00030868.fits,60636,96.57390664793135,5.263867801155434,2.3090184055886915,NGC2237,96.57390664793135,5.263867801155434,-154.62798499517444,-3.1640695924670506
1040XX,1040368,60653,30870,900.0,1,0,0,1.2.0,0,tile_id=1040368,2024-12-09T04:14:31.216,6.33630505544903e-14,3.20434462951213e-14,2.15759222562988e-14,6.74284052703564e-14,3.52240955465101e-14,2.34242775302109e-14,6.37552040190039e-14,3.22126951090065e-14,2.15994885858007e-14,MOD,96.37788524241535,5.636347957214406,2.2543482130696377,1.353,-53.54,35.57,47.6292,3851.77573,102.4637,70.85951539143593,-56.128019847584966,1.4779297027761187,1.123,-59.06,35.34,WHAM_south_08,62.9326,65.2291,1235.57358,80.501,100.17875626686237,8.967087995894195,0.8720403814398932,1.473,-54.58,36.27,grid146,42.7492,5.0302,4398.26527,106.2787,354.10139,-2.58835,96.33,0.5564,-37.8915,12.619,lvmSFrame-00030870.fits,sdsswork/lvm/spectro/redux/1.2.0/1040XX/1040368/60653/lvmSFrame-00030870.fits,sdsswork/data/agcam/lco/60653/coadds/lvm.sci.coadd_s00030870.fits,60636,96.37788524241535,5.636347957214406,2.2543482130696377,NGC2237,96.37788524241535,5.636347957214406,-155.04912562319763,-3.1640823714202218
1040XX,1040881,60653,30872,900.0,1,0,0,1.2.0,0,tile_id=1040881,2024-12-09T04:47:06.728,6.34040626730308e-14,3.19078549202189e-14,2.15930015355688e-14,6.59138738652879e-14,3.49261830787731e-14,2.32585830162647e-14,6.36831879930738e-14,3.18366109095486e-14,2.15949495506675e-14,MOD,96.99636107321302,5.2464474239123176,2.3552099101173547,1.274,-46.65,35.57,51.7053,3435.55437,102.7954,70.85949703613197,-56.12806580811372,1.487462573876668,1.13,-54.37,35.32,WHAM_south_08,62.2637,65.0182,1247.02035,80.488,100.1787696105012,8.967105592514343,0.771581524016708,1.368,-46.75,36.27,grid146,46.9702,4.8798,3878.46337,105.9963,354.36354,-2.43156,96.61,0.5588,-38.0473,5.6343,lvmSFrame-00030872.fits,sdsswork/lvm/spectro/redux/1.2.0/1040XX/1040881/60653/lvmSFrame-00030872.fits,sdsswork/data/agcam/lco/60653/coadds/lvm.sci.coadd_s00030872.fits,60636,96.99636107321302,5.2464474239123176,2.3552099101173547,NGC2237,96.99636107321302,5.2464474239123176,-154.41735233209678,-2.7993393892119873
1043XX,1043437,60653,30876,900.0,1,0,0,1.2.0,0,tile_id=1043437,2024-12-09T05:53:41.677,6.41519975871133e-14,3.20848633075492e-14,2.17099968297674e-14,6.25304117148539e-14,3.26155520788711e-14,2.18611028524587e-14,6.55056009820367e-14,3.28029333065248e-14,2.17610774602527e-14,MOD,99.30267815498249,4.779615412117597,2.6156416323977565,1.205,-33.65,35.51,56.0649,2366.84164,104.4736,100.17879024729963,8.967061848348317,1.1082485115338887,1.272,-30.8,35.16,grid146,51.8126,4.2768,2654.04693,105.369,70.85946858338609,-56.12799991616837,1.0855825415014897,1.185,-45.21,36.15,WHAM_south_08,57.566,65.2174,1081.23933,80.4328,354.94991,-2.11282,97.23,0.5641,-34.7879,-8.5717,lvmSFrame-00030876.fits,sdsswork/lvm/spectro/redux/1.2.0/1043XX/1043437/60653/lvmSFrame-00030876.fits,sdsswork/data/agcam/lco/60653/coadds/lvm.sci.coadd_s00030876.fits,60636,99.30267815498249,4.779615412117597,2.6156416323977565,NGC2237,99.30267815498249,4.779615412117597,-152.9432496857935,-0.9756225488297965
1044XX,1044315,60653,30878,900.0,1,0,0,1.2.0,0,tile_id=1044315,2024-12-09T06:27:37.216,6.38159055463866e-14,3.20042397951945e-14,2.15340650161076e-14,6.59504413845952e-14,3.52671658777504e-14,2.30486837430367e-14,6.34735862013432e-14,3.17041337096414e-14,2.15244287314402e-14,MOD,99.95334623935139,5.114201688064146,2.697079123981326,1.211,-26.52,35.43,55.6295,1819.43689,104.7903,100.17879338495835,8.967050851412637,1.142297529385832,1.272,-22.87,35.08,grid146,51.8271,3.8593,2003.10076,105.0239,70.85947585216186,-56.12802241873294,1.1378910707405432,1.237,-41.0,36.16,WHAM_south_08,53.9416,65.7282,913.84332,80.3902,355.27449,-1.95139,97.56,0.567,-31.4877,-15.7149,lvmSFrame-00030878.fits,sdsswork/lvm/spectro/redux/1.2.0/1044XX/1044315/60653/lvmSFrame-00030878.fits,sdsswork/data/agcam/lco/60653/coadds/lvm.sci.coadd_s00030878.fits,60636,99.95334623935139,5.114201688064146,2.697079123981326,NGC2237,99.95334623935139,5.114201688064146,-152.9432641079358,-0.24612444811073472
1040XX,1040879,60656,31087,900.0,1,0,0,1.2.0,0,tile_id=1040879,2024-12-12T03:47:23.285,6.37449231515564e-14,3.23787623945306e-14,2.20098589860405e-14,7.31175450972631e-14,3.63871123473044e-14,2.36633678544792e-14,6.43674223847036e-14,3.25690933467143e-14,2.203937761967e-14,MOD,96.60447513210104,5.991955657210814,2.2845013309486393,1.414,-57.24,35.95,44.9801,4035.7832,63.0192,100.1787343541902,8.967105275885874,1.3408321555442753,1.541,-58.39,35.59,grid146,40.4548,4.6268,4765.9341,65.6416,70.85952676607185,-56.128068868355726,1.0323867721555824,1.124,-61.12,36.64,WHAM_south_08,62.819,65.6317,1155.8318,79.8413,33.02783,17.11376,136.22,0.8616,-36.5565,33.212,lvmSFrame-00031087.fits,sdsswork/lvm/spectro/redux/1.2.0/1040XX/1040879/60656/lvmSFrame-00031087.fits,sdsswork/data/agcam/lco/60656/coadds/lvm.sci.coadd_s00031087.fits,60655,96.60447513210104,5.991955657210814,2.2845013309486393,NGC2237,96.60447513210104,5.991955657210814,-155.2597150637009,-2.799329040220585
1041XX,1041390,60656,31090,900.0,1,0,0,1.2.0,0,tile_id=1041390,2024-12-12T04:37:20.194,6.41486079782109e-14,3.24154575200964e-14,2.19118628561099e-14,7.57099130676555e-14,3.85295025719806e-14,2.43680352175421e-14,6.38552346691215e-14,3.20120472994404e-14,2.19272657766848e-14,MOD,97.02750312511031,5.974701348803439,2.343058035396978,1.282,-45.98,35.67,51.2458,3680.48985,63.1142,70.8594998287468,-56.12807486968856,1.5250183686133791,1.131,-54.09,35.53,WHAM_south_08,62.1826,65.7278,1230.66697,79.8878,100.1787771410709,8.967099202484484,0.8338620384425577,1.362,-46.26,36.32,grid146,47.1979,4.3261,4118.23094,65.3158,33.36251,17.28121,136.53,0.8635,-37.8788,25.5545,lvmSFrame-00031090.fits,sdsswork/lvm/spectro/redux/1.2.0/1041XX/1041390/60656/lvmSFrame-00031090.fits,sdsswork/data/agcam/lco/60656/coadds/lvm.sci.coadd_s00031090.fits,60655,97.02750312511031,5.974701348803439,2.343058035396978,NGC2237,97.02750312511031,5.974701348803439,-155.04909714422004,-2.434584413824925
1043XX,1043435,60656,31093,900.0,1,0,0,1.2.0,0,tile_id=1043435,2024-12-12T05:27:25.594,6.40323677554585e-14,3.22616311656861e-14,2.19296416263095e-14,6.79609014224803e-14,3.35636028100938e-14,2.19706564832824e-14,6.44498121231218e-14,3.25446941800109e-14,2.19771125558542e-14,MOD,98.91415837827755,5.527704027481416,2.5352383189101366,1.222,-36.28,35.7,54.8846,2918.60506,64.697,100.17878278767138,8.967062722793905,1.1419996876284886,1.281,-34.28,35.35,grid146,51.274,3.6609,3263.27158,64.9605,70.85947207860012,-56.1280195342724,1.127719270204939,1.168,-47.08,36.41,WHAM_south_08,58.9008,65.8212,1161.42762,79.916,33.7291,17.4392,136.88,0.8655,-36.4581,16.8167,lvmSFrame-00031093.fits,sdsswork/lvm/spectro/redux/1.2.0/1043XX/1043435/60656/lvmSFrame-00031093.fits,sdsswork/data/agcam/lco/60656/coadds/lvm.sci.coadd_s00031093.fits,60655,98.91415837827755,5.527704027481416,2.5352383189101366,NGC2237,98.91415837827755,5.527704027481416,-153.78560931562953,-0.9756094873579463
1043XX,1043874,60656,31094,900.0,1,0,0,1.2.0,0,tile_id=1043874,2024-12-12T05:43:35.563,6.46553409690113e-14,3.26237333882397e-14,2.19901997441525e-14,7.20333929623766e-14,3.61193675142488e-14,2.40236061890195e-14,6.48094635183831e-14,3.26013231284061e-14,2.20433988394185e-14,MOD,99.33682590533921,5.5082599237690495,2.6395698918715067,1.215,-32.98,35.7,55.3733,2653.70792,64.9874,100.17879594702696,8.96705111866553,1.140726192874205,1.271,-30.4,35.35,grid146,51.8552,3.5582,2957.06612,64.8389,70.8594657774688,-56.12798929809964,1.1520822433026465,1.187,-45.0,36.41,WHAM_south_08,57.4003,65.9243,1109.60658,79.9213,33.85495,17.48837,136.99,0.8662,-35.4365,13.8337,lvmSFrame-00031094.fits,sdsswork/lvm/spectro/redux/1.2.0/1043XX/1043874/60656/lvmSFrame-00031094.fits,sdsswork/data/agcam/lco/60656/coadds/lvm.sci.coadd_s00031094.fits,60655,99.33682590533921,5.5082599237690495,2.6395698918715067,NGC2237,99.33682590533921,5.5082599237690495,-153.5750076815309,-0.6108771781349026
1044XX,1044314,60656,31095,900.0,1,0,0,1.2.0,0,tile_id=1044314,2024-12-12T05:59:52.276,6.42284831921925e-14,3.24510924007556e-14,2.19942346414213e-14,6.88644988323188e-14,3.42546900834606e-14,2.27692587762127e-14,6.47060894034724e-14,3.25955930407914e-14,2.20263070705427e-14,MOD,99.75947222878523,5.488520779505264,2.70580355746355,1.213,-29.7,35.7,55.5134,2375.13919,65.273,70.85947687772013,-56.128032772826465,1.6281074986204787,1.21,-43.16,35.33,WHAM_south_08,55.7223,66.0286,1044.43997,79.9247,100.17880695875733,8.96707773249413,0.7486677580644943,1.268,-26.34,36.44,grid146,52.0405,3.5033,2640.63373,64.7128,33.98564,17.53709,137.12,0.8669,-34.1526,10.7666,lvmSFrame-00031095.fits,sdsswork/lvm/spectro/redux/1.2.0/1044XX/1044314/60656/lvmSFrame-00031095.fits,sdsswork/data/agcam/lco/60656/coadds/lvm.sci.coadd_s00031095.fits,60655,99.75947222878523,5.488520779505264,2.70580355746355,NGC2237,99.75947222878523,5.488520779505264,-153.36443412262116,-0.24612940833246108
1041XX,1041901,60665,31552,900.0,1,0,0,1.2.0,0,tile_id=1041901,2024-12-21T03:37:58.587,6.43706763629848e-14,3.26047669665425e-14,2.20531502267316e-14,6.41285844685964e-14,3.32851921308156e-14,2.20602237305304e-14,6.49950975615743e-14,3.26003974430585e-14,2.21145923915519e-14,MOD,97.45049109301503,5.957056712307751,2.3865382617702795,1.341,-52.07,35.91,48.2226,3697.25262,64.9309,100.17870889103696,8.967103728242277,1.231038883463253,1.433,-52.25,35.69,grid146,44.2325,4.0468,4579.1224,61.8562,70.85947302453361,-56.12798991000787,1.0310241530371964,1.124,-57.3,36.71,WHAM_south_08,62.8478,65.8249,1075.87612,99.4976,162.98372,10.03407,251.1,0.6632,-35.4088,-4.1819,lvmSFrame-00031552.fits,sdsswork/lvm/spectro/redux/1.2.0/1041XX/1041901/60665/lvmSFrame-00031552.fits,sdsswork/data/agcam/lco/60665/coadds/lvm.sci.coadd_s00031552.fits,60655,97.45049109301503,5.957056712307751,2.3865382617702795,NGC2237,97.45049109301503,5.957056712307751,-154.83853979678307,-2.069849503625
1041XX,1041389,60665,31553,900.0,1,0,0,1.2.0,0,tile_id=1041389,2024-12-21T03:54:05.285,6.48042063210647e-14,3.23903268552806e-14,2.20171089541766e-14,6.45819945343335e-14,3.43469503607065e-14,2.32227938937149e-14,6.55127986733335e-14,3.27843546181951e-14,2.20979223673379e-14,MOD,96.83126158702599,6.347546255965312,2.2447105181458062,1.302,-47.55,35.91,50.1466,3850.75558,65.6053,100.17875138595494,8.967062390056512,1.190840670837532,1.383,-48.37,35.69,grid146,46.2876,4.2269,4592.95285,61.979,70.85948106746834,-56.12799053470699,1.0482468446727253,1.128,-54.99,36.73,WHAM_south_08,62.4714,66.0345,1126.09967,99.5213,163.1044,9.98153,251.22,0.6622,-36.3539,-0.7812,lvmSFrame-00031553.fits,sdsswork/lvm/spectro/redux/1.2.0/1041XX/1041389/60665/lvmSFrame-00031553.fits,sdsswork/data/agcam/lco/60665/coadds/lvm.sci.coadd_s00031553.fits,60655,96.83126158702599,6.347546255965312,2.2447105181458062,NGC2237,96.83126158702599,6.347546255965312,-155.47028646914958,-2.434589693623684
1042XX,1042412,60665,31554,900.0,1,0,0,1.2.0,0,tile_id=1042412,2024-12-21T04:10:14.938,6.4639250064825e-14,3.30460747095332e-14,2.21252924031393e-14,6.8218958425045e-14,3.47531116442072e-14,2.3275128391303e-14,6.45389235188897e-14,3.28767513402798e-14,2.21852169723507e-14,MOD,97.87349441638945,5.938960051477221,2.373057668450406,1.272,-44.92,35.91,51.7772,3817.05551,64.7548,70.85952406507786,-56.12806784226386,1.5034836092235146,1.135,-52.93,35.69,WHAM_south_08,61.8041,65.9235,1163.10145,99.5428,100.17877743215226,8.967107232054277,0.7732619934709464,1.343,-44.24,36.76,grid146,48.0868,3.7939,4554.17455,62.0985,163.22155,9.92865,251.33,0.6613,-37.0333,2.613,lvmSFrame-00031554.fits,sdsswork/lvm/spectro/redux/1.2.0/1042XX/1042412/60665/lvmSFrame-00031554.fits,sdsswork/data/agcam/lco/60665/coadds/lvm.sci.coadd_s00031554.fits,60655,97.87349441638945,5.938960051477221,2.373057668450406,NGC2237,97.87349441638945,5.938960051477221,-154.62794455180241,-1.7051088212949967
1042XX,1042923,60665,31555,900.0,1,0,0,1.2.0,0,tile_id=1042923,2024-12-21T04:27:45.827,6.42202759642689e-14,3.25011830178694e-14,2.19929087096727e-14,7.0591049767025e-14,3.61845548770684e-14,2.41548688844481e-14,6.39543165106442e-14,3.23663893171654e-14,2.19930977697057e-14,MOD,98.29648817933867,5.9204509650564,2.46203759077476,1.249,-41.23,35.66,53.1787,3788.20162,64.4636,70.85949579884239,-56.128014338770626,1.5310684068715437,1.146,-50.53,35.36,WHAM_south_08,60.7783,66.0231,1187.19562,99.5635,100.17879547875876,8.967069704905517,0.7290886173860263,1.311,-39.97,36.4,grid146,49.6991,3.5728,4454.75784,62.2238,163.34415,9.87108,251.45,0.6603,-37.454,6.2675,lvmSFrame-00031555.fits,sdsswork/lvm/spectro/redux/1.2.0/1042XX/1042923/60665/lvmSFrame-00031555.fits,sdsswork/data/agcam/lco/60665/coadds/lvm.sci.coadd_s00031555.fits,60655,98.29648817933867,5.9204509650564,2.46203759077476,NGC2237,98.29648817933867,5.9204509650564,-154.41733981099435,-1.3403707861245995
1043XX,1043434,60665,31556,900.0,1,0,0,1.2.0,0,tile_id=1043434,2024-12-21T04:43:54.853,6.44135221893978e-14,3.25918253888467e-14,2.19761852866716e-14,6.83945610173206e-14,3.47305303665684e-14,2.30642481099814e-14,6.44190278020399e-14,3.25504848074698e-14,2.20434779767425e-14,MOD,98.71946169372741,5.9015992033764215,2.5136731800879013,1.233,-37.86,35.66,54.1526,3703.21634,64.1588,70.85944318898551,-56.12800442805517,1.54670033441892,1.159,-48.37,35.36,WHAM_south_08,59.5826,66.1241,1194.15805,99.5802,100.17878886306144,8.967067158105628,0.7041665244095389,1.289,-36.04,36.4,grid146,50.8377,3.3898,4313.01372,62.3355,163.4532,9.81771,251.56,0.6594,-37.5442,9.6104,lvmSFrame-00031556.fits,sdsswork/lvm/spectro/redux/1.2.0/1043XX/1043434/60665/lvmSFrame-00031556.fits,sdsswork/data/agcam/lco/60665/coadds/lvm.sci.coadd_s00031556.fits,60655,98.71946169372741,5.9015992033764215,2.5136731800879013,NGC2237,98.71946169372741,5.9015992033764215,-154.20677417910815,-0.9756175578866557
1043XX,1043873,60665,31557,900.0,1,0,0,1.2.0,0,tile_id=1043873,2024-12-21T05:00:10.621,6.40514357860379e-14,3.25584699022952e-14,2.20370048172524e-14,7.08635221618171e-14,3.67055076062516e-14,2.4676892007287e-14,6.53650023117553e-14,3.30465505618481e-14,2.21356726074554e-14,MOD,99.14241793468696,5.8823618552834045,2.585500910430774,1.223,-34.51,35.66,54.8102,3565.76725,63.8511,100.1787738776399,8.967085630657714,1.1025675663925152,1.275,-32.32,35.36,grid146,51.6153,3.2514,4125.18101,62.4443,70.85946590632446,-56.128018956007715,1.1004704336412556,1.177,-46.03,36.4,WHAM_south_08,58.1673,66.2263,1186.20749,99.5945,163.55921,9.76365,251.67,0.6585,-37.3448,12.9448,lvmSFrame-00031557.fits,sdsswork/lvm/spectro/redux/1.2.0/1043XX/1043873/60665/lvmSFrame-00031557.fits,sdsswork/data/agcam/lco/60665/coadds/lvm.sci.coadd_s00031557.fits,60655,99.14241793468696,5.8823618552834045,2.585500910430774,NGC2237,99.14241793468696,5.8823618552834045,-153.99618998438763,-0.6108712310391047
1041XX,1041900,60666,31610,900.0,1,0,0,1.2.0,0,tile_id=1041900,2024-12-22T03:16:43.136,6.37720597799463e-14,3.21193686407209e-14,2.18679408862542e-14,6.73975451212763e-14,3.5323583561118e-14,2.34646985975443e-14,6.38076877281084e-14,3.22125799991038e-14,2.19366911010532e-14,MOD,97.25456940037795,6.33018598468268,2.3232793222078514,1.399,-55.83,36.19,45.6102,3514.34907,75.9452,70.85951376723713,-56.12800396597132,1.4015844139031552,1.123,-60.05,35.83,WHAM_south_08,62.916,66.131,987.00051,100.793,100.17874312517881,8.967076248543163,0.8124504007260227,1.5,-56.16,36.82,grid146,41.77,3.918,4400.49828,72.9335,173.58096,4.4835,261.93,0.5716,-33.735,-14.5488,lvmSFrame-00031610.fits,sdsswork/lvm/spectro/redux/1.2.0/1041XX/1041900/60666/lvmSFrame-00031610.fits,sdsswork/data/agcam/lco/60666/coadds/lvm.sci.coadd_s00031610.fits,60655,97.25456940037795,6.33018598468268,2.3232793222078514,NGC2237,97.25456940037795,6.33018598468268,-155.25973143833258,-2.06984081956089
1042XX,1042411,60666,31611,900.0,1,0,0,1.2.0,0,tile_id=1042411,2024-12-22T03:32:51.979,6.400902161527e-14,3.26206266991632e-14,2.20275088120008e-14,6.73586412081655e-14,3.46618353238486e-14,2.32143996626751e-14,6.36719341601381e-14,3.23804590438404e-14,2.20763219113135e-14,MOD,97.67789614882865,6.312336686405254,2.4181891286530575,1.353,-52.47,36.19,47.6453,3697.07871,75.661,70.85951567765107,-56.128004553568935,1.4122257519547432,1.124,-57.68,35.83,WHAM_south_08,62.8635,66.2286,1053.49674,100.8154,100.17878715404835,8.96706144172388,0.7391876364452789,1.437,-52.32,36.84,grid146,44.0728,3.6318,4511.87974,73.0705,173.71131,4.42407,262.06,0.5704,-35.0215,-11.0969,lvmSFrame-00031611.fits,sdsswork/lvm/spectro/redux/1.2.0/1042XX/1042411/60666/lvmSFrame-00031611.fits,sdsswork/data/agcam/lco/60666/coadds/lvm.sci.coadd_s00031611.fits,60655,97.67789614882865,6.312336686405254,2.4181891286530575,NGC2237,97.67789614882865,6.312336686405254,-155.0491215521821,-1.7050896557769029
1042XX,1042922,60666,31613,900.0,1,0,0,1.2.0,0,tile_id=1042922,2024-12-22T04:06:31.805,6.38507278917408e-14,3.20935345500693e-14,2.18745443751471e-14,6.38168514991789e-14,3.3595172481888e-14,2.27699574919773e-14,6.47084374286685e-14,3.24924714470145e-14,2.1933471486853e-14,MOD,98.10119336414498,6.294038438446501,2.4749665458366477,1.279,-44.99,36.03,51.3827,3877.14455,75.5112,70.85951974716338,-56.12802419948617,1.4408006928345305,1.135,-52.9,35.73,WHAM_south_08,61.7934,66.3274,1152.68485,100.8552,100.1787447643121,8.96706082792698,0.6100305744531439,1.343,-44.19,36.67,grid146,48.1086,3.3741,4564.29056,73.3444,173.97108,4.29992,262.32,0.5682,-36.8848,-3.8862,lvmSFrame-00031613.fits,sdsswork/lvm/spectro/redux/1.2.0/1042XX/1042922/60666/lvmSFrame-00031613.fits,sdsswork/data/agcam/lco/60666/coadds/lvm.sci.coadd_s00031613.fits,60655,98.10119336414498,6.294038438446501,2.4749665458366477,NGC2237,98.10119336414498,6.294038438446501,-154.83849641009633,-1.3403649996783304
1044XX,1044313,60666,31614,900.0,1,0,0,1.2.0,0,tile_id=1044313,2024-12-22T04:22:43.018,6.38792255745394e-14,3.24590069417415e-14,2.1918366777817e-14,6.69919022235209e-14,3.55870282630427e-14,2.43053917865671e-14,6.48906455194087e-14,3.26969637641603e-14,2.1998605004571e-14,MOD,99.56534645524195,5.862762063640967,2.5887588494402407,1.256,-42.78,36.03,52.7362,3792.16778,74.2017,100.17877196668222,8.967073955760402,1.0533167275370177,1.313,-40.45,35.71,grid146,49.6078,3.1633,4505.34931,73.4703,70.85950350678412,-56.12805337143207,0.8845961456675242,1.145,-50.47,36.65,WHAM_south_08,60.8523,66.3297,1179.2956,100.8709,174.09015,4.24006,262.44,0.5671,-37.3592,-0.4195,lvmSFrame-00031614.fits,sdsswork/lvm/spectro/redux/1.2.0/1044XX/1044313/60666/lvmSFrame-00031614.fits,sdsswork/data/agcam/lco/60666/coadds/lvm.sci.coadd_s00031614.fits,60655,99.56534645524195,5.862762063640967,2.5887588494402407,NGC2237,99.56534645524195,5.862762063640967,-153.7855943207409,-0.246135341936751
1043XX,1043433,60666,31615,900.0,1,0,0,1.2.0,0,tile_id=1043433,2024-12-22T04:39:00.017,6.3964230107223e-14,3.22471069673715e-14,2.19152207762558e-14,6.93699263984986e-14,3.58385677800246e-14,2.34243804933761e-14,6.42237702700095e-14,3.21141701304738e-14,2.1944086090348e-14,MOD,98.52446999325792,6.2754093013816,2.4957068705394683,1.239,-37.75,35.99,53.7761,3820.98378,75.3365,70.85951024412407,-56.12805352324547,1.4937714686953023,1.158,-48.5,35.67,WHAM_south_08,59.6615,66.4276,1191.3803,100.8845,100.17879747659653,8.967093678044563,0.5207899878120993,1.29,-36.28,36.63,grid146,50.7786,3.1517,4393.8068,73.5933,174.20609,4.17971,262.56,0.5661,-37.5484,3.0628,lvmSFrame-00031615.fits,sdsswork/lvm/spectro/redux/1.2.0/1043XX/1043433/60666/lvmSFrame-00031615.fits,sdsswork/data/agcam/lco/60666/coadds/lvm.sci.coadd_s00031615.fits,60655,98.52446999325792,6.2754093013816,2.4957068705394683,NGC2237,98.52446999325792,6.2754093013816,-154.62793840595828,-0.9756093060283273
1043XX,1043872,60666,31616,900.0,1,0,0,1.2.0,0,tile_id=1043872,2024-12-22T04:55:30.968,6.43530522822919e-14,3.25433832792044e-14,2.20206844688394e-14,6.78704447196893e-14,3.58216181048432e-14,2.3640540865857e-14,6.43487611327287e-14,3.2412049418385e-14,2.20947608559529e-14,MOD,98.94770903241452,6.256371608041344,2.58054197975166,1.229,-34.3,35.99,54.4402,3704.68615,75.0358,100.17877706729446,8.967085397118769,1.0430729928871374,1.276,-32.49,35.63,grid146,51.5887,2.9726,4230.29752,73.7142,70.85950359843572,-56.128024899438905,0.8947638518415072,1.176,-46.12,36.63,WHAM_south_08,58.2348,66.5289,1188.32131,100.8959,174.31975,4.11835,262.68,0.5651,-37.4419,6.5857,lvmSFrame-00031616.fits,sdsswork/lvm/spectro/redux/1.2.0/1043XX/1043872/60666/lvmSFrame-00031616.fits,sdsswork/data/agcam/lco/60666/coadds/lvm.sci.coadd_s00031616.fits,60655,98.94770903241452,6.256371608041344,2.58054197975166,NGC2237,98.94770903241452,6.256371608041344,-154.41736815479499,-0.6108783166319217
1044XX,1044312,60666,31619,900.0,1,0,0,1.2.0,0,tile_id=1044312,2024-12-22T05:46:48.630,6.43284440240136e-14,3.2562213318023e-14,2.21505157479634e-14,6.94258527958268e-14,3.53945155089298e-14,2.35244029159207e-14,6.4612252051233e-14,3.24515969326753e-14,2.22049997835154e-14,MOD,99.37094900064145,6.236959312632018,2.63311014533752,1.235,-23.21,35.95,54.0219,3077.09041,74.9603,70.85946890560722,-56.128033652155175,1.5865493748369772,1.256,-39.98,35.69,WHAM_south_08,52.73,66.6314,1082.72904,100.9166,100.17880746332263,8.967055341192937,0.4594800978112189,1.278,-20.33,36.51,grid146,51.4845,2.8451,3446.97561,74.0655,174.64793,3.9266,263.02,0.5621,-35.2434,17.4196,lvmSFrame-00031619.fits,sdsswork/lvm/spectro/redux/1.2.0/1044XX/1044312/60666/lvmSFrame-00031619.fits,sdsswork/data/agcam/lco/60666/coadds/lvm.sci.coadd_s00031619.fits,60655,99.37094900064145,6.236959312632018,2.63311014533752,NGC2237,99.37094900064145,6.236959312632018,-154.20677992924416,-0.24612729295981944
1042XX,1042410,60667,31648,900.0,1,0,0,1.2.0,0,tile_id=1042410,2024-12-23T03:33:17.937,6.44499850298739e-14,3.25303761457021e-14,2.21301479609656e-14,7.02633589539474e-14,3.66195713453483e-14,2.43750559849561e-14,6.50684963399458e-14,3.27890880472284e-14,2.22637311612723e-14,MOD,97.48191251175894,6.685563930038308,2.3835518076620907,1.345,-51.14,36.15,47.9962,3726.32271,86.8555,100.17873591957954,8.96708962870469,1.2607360137051673,1.422,-51.49,35.84,grid146,44.6579,3.5132,4461.76392,84.2601,70.85953148172598,-56.12805112823958,0.9858154531702842,1.124,-56.84,36.77,WHAM_south_08,62.7968,66.5344,1051.66318,101.6865,184.16981,-1.23788,272.88,0.4763,-35.0262,-16.4277,lvmSFrame-00031648.fits,sdsswork/lvm/spectro/redux/1.2.0/1042XX/1042410/60667/lvmSFrame-00031648.fits,sdsswork/data/agcam/lco/60667/coadds/lvm.sci.coadd_s00031648.fits,60655,97.48191251175894,6.685563930038308,2.3835518076620907,NGC2237,97.48191251175894,6.685563930038308,-155.4702782967611,-1.7051045791702522
1042XX,1042921,60667,31650,900.0,1,0,0,1.2.0,0,tile_id=1042921,2024-12-23T04:06:21.916,6.47260634458776e-14,3.27361568182089e-14,2.22321933189574e-14,6.97454584268615e-14,3.52933710330744e-14,2.38001005894996e-14,6.56402193103149e-14,3.30683105906079e-14,2.23263789650942e-14,MOD,97.90552235766093,6.6675618413421915,2.4414513983318544,1.278,-43.68,36.09,51.4669,3941.14346,86.7177,70.85949762677416,-56.12805669937589,1.5421082370978298,1.137,-52.38,35.8,WHAM_south_08,61.5974,66.6324,1149.57614,101.7147,100.17877855787226,8.967111413568617,0.7438753685800387,1.335,-43.27,36.73,grid146,48.4855,3.2186,4560.00315,84.5472,184.43949,-1.36992,273.15,0.4739,-36.8693,-9.4368,lvmSFrame-00031650.fits,sdsswork/lvm/spectro/redux/1.2.0/1042XX/1042921/60667/lvmSFrame-00031650.fits,sdsswork/data/agcam/lco/60667/coadds/lvm.sci.coadd_s00031650.fits,60655,97.90552235766093,6.6675618413421915,2.4414513983318544,NGC2237,97.90552235766093,6.6675618413421915,-155.2597042523426,-1.3403666464572788
1043XX,1043432,60667,31651,900.0,1,0,0,1.2.0,0,tile_id=1043432,2024-12-23T04:22:47.777,6.44110240900891e-14,3.24198168407269e-14,2.20855935825533e-14,6.62247499819936e-14,3.40262330799333e-14,2.30463638251702e-14,6.45275045618724e-14,3.23100226570813e-14,2.21223713324459e-14,MOD,98.32912550057891,6.649121031806235,2.4866341897518334,1.257,-40.27,36.05,52.6869,3955.53354,86.4318,70.85947049172854,-56.12801036733867,1.5759046926523992,1.148,-50.14,35.76,WHAM_south_08,60.5805,66.7316,1177.06123,101.7255,100.1787983681448,8.967060454667607,0.6985946676194993,1.306,-39.27,36.7,grid146,49.9289,2.9547,4520.6369,84.6844,184.56789,-1.43572,273.28,0.4727,-37.3606,-5.9344,lvmSFrame-00031651.fits,sdsswork/lvm/spectro/redux/1.2.0/1043XX/1043432/60667/lvmSFrame-00031651.fits,sdsswork/data/agcam/lco/60667/coadds/lvm.sci.coadd_s00031651.fits,60655,98.32912550057891,6.649121031806235,2.4866341897518334,NGC2237,98.32912550057891,6.649121031806235,-155.04911276590843,-0.9756245971324295
1043XX,1043871,60667,31652,900.0,1,0,0,1.2.0,0,tile_id=1043871,2024-12-23T04:40:05.884,6.42780390972205e-14,3.24144838574956e-14,2.20732067098063e-14,6.67686959700876e-14,3.43572257902196e-14,2.30470523090234e-14,6.41803332231303e-14,3.22300275232775e-14,2.21643889472164e-14,MOD,98.75270897512257,6.630265761422876,2.5529238223217923,1.241,-36.63,35.97,53.6419,3901.87536,86.149,70.85945276843155,-56.12801209492473,1.5949185302801119,1.163,-47.83,35.63,WHAM_south_08,59.2488,66.8321,1189.83629,101.7345,100.17879814538198,8.967057782267403,0.6764124179438676,1.285,-35.05,36.55,grid146,51.0669,2.7307,4418.79177,84.8248,184.69897,-1.50516,273.42,0.4715,-37.56,-2.2319,lvmSFrame-00031652.fits,sdsswork/lvm/spectro/redux/1.2.0/1043XX/1043871/60667/lvmSFrame-00031652.fits,sdsswork/data/agcam/lco/60667/coadds/lvm.sci.coadd_s00031652.fits,60655,98.75270897512257,6.630265761422876,2.5529238223217923,NGC2237,98.75270897512257,6.630265761422876,-154.83851304553187,-0.6108834100926345
