tilegrp,tileid,mjd,expnum,exptime,stage,status,drpqual,drpver,dpos,object,obstime,sci_ra,sci_dec,sci_pa,sci_amass,sci_kmpos,sci_focpos,sci_alt,sci_sh_hght,sci_moon_sep,skye_ra,skye_dec,skye_pa,skye_amass,skye_kmpos,skye_focpos,skye_name,skye_alt,sci_skye_sep,skye_sh_hght,skye_moon_sep,skyw_ra,skyw_dec,skyw_pa,skyw_amass,skyw_kmpos,skyw_focpos,skyw_name,skyw_alt,sci_skyw_sep,skyw_sh_hght,skyw_moon_sep,moon_ra,moon_dec,moon_phase,moon_fli,sun_alt,moon_alt,filename,location,agcam_location,calib_mjd,std_mean_senb,std_mean_senr,std_mean_senz,sci_mean_senb,sci_mean_senr,sci_mean_senz,mod_mean_senb,mod_mean_senr,mod_mean_senz,fluxcal,ra,dec,pa,NGCname,ra_icrs,dec_icrs,ra_g,dec_g
1028XX,1028800,60188,4171,900.0,1,0,0,1.2.0,0,,2023-09-01T09:58:44.156,84.13007562394564,-2.2605788722687956,-63.54323007418581,1.234,-22.75,35.51,54.1107,164.94741,86.1156,85.8002911159519,-1.2740372312973467,1.0908147353300586,1.264,-55.25,34.99,grid125,52.2868,1.9391,163.57583,87.8285,70.8594984052283,-56.127984213077546,0.9070416877099152,1.136,-66.06,36.13,WHAM_south_08,61.6921,54.9154,179.31196,78.3033,357.91409,-2.72388,198.68,0.9738,-13.6337,26.3792,lvmSFrame-00004171.fits,sdsswork/lvm/spectro/redux/1.2.0/1028XX/1028800/60188/lvmSFrame-00004171.fits,sdsswork/data/agcam/lco/60188/coadds/lvm.sci.coadd_s00004171.fits,60177,,,,,,,,,,0.0,84.13007562394564,-2.2605788722687956,-63.54323007418581,NGC2024,84.13007562394564,-2.2605788722687956,-153.76994621187015,-17.67022022837592
0011XX,11111,60191,4297,900.0,1,0,0,1.2.0,0,,2023-09-04T04:31:06.130,337.4107016385823,-20.837205903818322,-1.350824790579544,1.011,-39.55,35.49,81.4229,15863.89565,67.6997,333.5115645824548,-23.25089814086746,0.9397984267440186,1.01,-38.3,35.67,None,81.8522,4.3456,12893.70969,72.0176,321.613,-44.5432,0.0,1.072,-42.36,35.62,None,68.9061,27.0688,5861.7999,89.9374,35.53246,15.63289,237.31,0.7709,-68.1215,20.0235,lvmSFrame-00004297.fits,sdsswork/lvm/spectro/redux/1.2.0/0011XX/11111/60191/lvmSFrame-00004297.fits,sdsswork/data/agcam/lco/60191/coadds/lvm.sci.coadd_s00004297.fits,60177,,,,,,,,,,0.0,337.4107016385823,-20.837205903818322,-1.350824790579544,NGC7293,337.4107016385823,-20.837205903818322,36.16129308400096,-57.1184753558818
1028XX,1028801,60208,5355,900.0,1,0,0,1.2.0,0,tile_id=1001053,2023-09-21T07:05:19.794,84.32635167812852,-2.633344783952824,-62.285723792143926,1.682,-43.9,35.62,36.4679,1493.08114,147.4525,85.80031643518176,-1.2739703071410706,1.3811304399985835,1.766,-75.66,35.16,grid125,34.4817,2.0045,1460.7548,147.7724,21.01859438922689,-22.92707733958453,0.6722368833949551,1.032,-32.7,36.11,WHAM_south_02,75.7799,64.458,3418.67154,115.3792,246.07783,-24.66876,70.65,0.3355,-44.5766,-28.6077,lvmSFrame-00005355.fits,sdsswork/lvm/spectro/redux/1.2.0/1028XX/1028801/60208/lvmSFrame-00005355.fits,sdsswork/data/agcam/lco/60208/coadds/lvm.sci.coadd_s00005355.fits,60177,,,,,,,,,,0.0,84.32635167812852,-2.633344783952824,-62.285723792143926,NGC2024,84.32635167812852,-2.633344783952824,-153.32789107621676,-17.6701339285102
0011XX,11111,60212,5511,900.0,1,0,0,1.2.0,0,M33low,2023-09-25T05:06:15.072,23.39818229004826,30.54888219142393,-0.13527164844496628,2.072,-35.19,35.86,28.8218,11226.20684,92.2859,15.656696570206297,26.31406614505264,0.7110958729923272,1.774,-25.74,35.54,None,34.2101,8.014,15112.70013,84.2831,2.061657384431092,-34.65171483442845,0.8829175284037336,1.011,-43.48,36.53,None,81.729,68.2297,5378.71818,49.4528,305.80618,-24.23374,120.69,0.7561,-59.2906,33.695,lvmSFrame-00005511.fits,sdsswork/lvm/spectro/redux/1.2.0/0011XX/11111/60212/lvmSFrame-00005511.fits,sdsswork/data/agcam/lco/60212/coadds/lvm.sci.coadd_s00005511.fits,60177,,,,,,,,,,0.0,23.39818229004826,30.54888219142393,-0.13527164844496628,NGC598,23.39818229004826,30.54888219142393,133.5719037786825,-31.450434227404184
0011XX,11111,60212,5512,900.0,1,0,0,1.2.0,0,M33up,2023-09-25T05:25:45.401,23.518731309869295,30.729483505260426,-0.10601865142333082,2.03,-28.9,35.64,29.4781,10554.07581,92.2832,15.656702697400602,26.3140256502294,0.71438010568845,1.761,-19.7,35.54,None,34.5255,8.1947,14402.26503,84.1059,21.018611554026393,-22.927009187961154,0.8522601861952864,1.012,-47.21,36.43,None,81.2975,53.7101,5937.12904,67.8884,305.98274,-24.15686,120.85,0.7573,-57.8181,29.6356,lvmSFrame-00005512.fits,sdsswork/lvm/spectro/redux/1.2.0/0011XX/11111/60212/lvmSFrame-00005512.fits,sdsswork/data/agcam/lco/60212/coadds/lvm.sci.coadd_s00005512.fits,60177,,,,,,,,,,0.0,23.518731309869295,30.729483505260426,-0.10601865142333082,NGC598,23.518731309869295,30.729483505260426,133.650566891124,-31.253300300343422
1028XX,1028740,60212,5516,900.0,1,0,0,1.2.0,0,tile_id=1000992,2023-09-25T06:42:05.020,83.67986817296509,-2.9728164611322665,-62.315579083620996,1.715,-44.85,35.64,35.6388,1747.24529,130.2762,85.80006113786384,-1.2738131030737214,1.641667793992436,1.838,-77.21,35.54,grid125,32.9312,2.7158,1692.74241,132.9863,21.018604087550425,-22.92711728774687,0.8935429737042179,1.025,-33.92,36.43,WHAM_south_02,77.2804,63.7298,3993.83211,67.3164,306.73231,-23.84795,121.55,0.7625,-47.3957,14.0789,lvmSFrame-00005516.fits,sdsswork/lvm/spectro/redux/1.2.0/1028XX/1028740/60212/lvmSFrame-00005516.fits,sdsswork/data/agcam/lco/60212/coadds/lvm.sci.coadd_s00005516.fits,60177,,,,,,,,,,0.0,83.67986817296509,-2.9728164611322665,-62.315579083620996,NGC2024,83.67986817296509,-2.9728164611322665,-153.32687825170817,-18.399640781845857
1028XX,1028771,60212,5517,900.0,1,0,0,1.2.0,0,tile_id=1001023,2023-09-25T06:58:26.561,84.10129735923466,-2.989532409608087,-62.300631372450205,1.6,-41.84,35.64,38.6672,1576.37435,130.4996,21.018625340113736,-22.927160293759528,1.19411531721776,1.04,-31.51,35.54,WHAM_south_02,73.9683,64.1071,3529.19727,67.1827,85.80024123733176,-1.274002349208489,1.3002086572346248,1.689,-73.62,36.43,grid125,36.2869,2.4136,1540.16421,132.8742,306.90545,-23.78084,121.71,0.7637,-44.5221,10.8298,lvmSFrame-00005517.fits,sdsswork/lvm/spectro/redux/1.2.0/1028XX/1028771/60212/lvmSFrame-00005517.fits,sdsswork/data/agcam/lco/60212/coadds/lvm.sci.coadd_s00005517.fits,60177,,,,,,,,,,0.0,84.10129735923466,-2.989532409608087,-62.300631372450205,NGC2024,84.10129735923466,-2.989532409608087,-153.10589889843854,-18.034480190315268
1028XX,1028769,60212,5518,900.0,1,0,0,1.2.0,0,tile_id=1001021,2023-09-25T07:17:01.209,83.70894730100397,-2.243950400833678,-62.31858592996542,1.487,-37.44,35.64,42.2531,1396.17588,130.4692,85.800328,-1.27412,0.0,1.555,-69.92,35.54,grid125,40.0116,2.3044,1358.46869,132.7418,21.01857771173382,-22.927097892171126,0.9441402687502441,1.064,-28.42,36.43,WHAM_south_02,70.0542,64.0566,3001.21508,67.0261,307.10745,-23.70454,121.89,0.765,-41.0891,7.1853,lvmSFrame-00005518.fits,sdsswork/lvm/spectro/redux/1.2.0/1028XX/1028769/60212/lvmSFrame-00005518.fits,sdsswork/data/agcam/lco/60212/coadds/lvm.sci.coadd_s00005518.fits,60177,,,,,,,,,,0.0,83.70894730100397,-2.243950400833678,-62.31858592996542,NGC2024,83.70894730100397,-2.243950400833678,-153.99174426234512,-18.034611389006958
1028XX,1028799,60212,5519,900.0,1,0,0,1.2.0,0,tile_id=1001051,2023-09-25T07:34:01.124,83.93395197541096,-1.8878234531552973,-62.317195923422126,1.41,-33.88,35.64,45.1334,1214.77728,130.7276,85.80030616748012,-1.274053761070708,1.4878327640920654,1.457,-66.28,35.54,grid125,43.3191,1.964,1187.56773,132.616,21.01854427917144,-22.926988894076477,0.9809276532742758,1.091,-25.9,36.43,WHAM_south_02,66.3997,64.4091,2527.73033,66.8782,307.29724,-23.6348,122.07,0.7663,-37.8202,3.8972,lvmSFrame-00005519.fits,sdsswork/lvm/spectro/redux/1.2.0/1028XX/1028799/60212/lvmSFrame-00005519.fits,sdsswork/data/agcam/lco/60212/coadds/lvm.sci.coadd_s00005519.fits,60177,,,,,,,,,,0.0,83.93395197541096,-1.8878234531552973,-62.317195923422126,NGC2024,83.93395197541096,-1.8878234531552973,-154.2119397030384,-17.669291876218015
1028XX,1028832,60212,5520,900.0,1,0,0,1.2.0,0,tile_id=1001084,2023-09-25T07:50:41.762,84.74764729789173,-2.649830224830048,-62.273649274914774,1.342,-31.2,35.64,48.1539,1029.84435,130.8422,85.80031728330054,-1.2740518678895478,1.4384507579247892,1.379,-62.66,35.54,grid125,46.447,1.7319,1018.83389,132.4882,21.018548508720777,-22.926992943810806,1.0090272985509599,1.124,-23.53,36.43,WHAM_south_02,62.7777,64.8351,2081.74902,66.729,307.48799,-23.56657,122.24,0.7676,-34.5174,0.7194,lvmSFrame-00005520.fits,sdsswork/lvm/spectro/redux/1.2.0/1028XX/1028832/60212/lvmSFrame-00005520.fits,sdsswork/data/agcam/lco/60212/coadds/lvm.sci.coadd_s00005520.fits,60177,,,,,,,,,,0.0,84.74764729789173,-2.649830224830048,-62.273649274914774,NGC2024,84.74764729789173,-2.649830224830048,-153.1078206078187,-17.304993897496026
1028XX,1028831,60212,5521,900.0,1,0,0,1.2.0,0,tile_id=1001083,2023-09-25T08:07:20.973,84.55128124408729,-2.277149001638473,-62.27271629514568,1.286,-27.31,35.64,51.0136,862.85147,130.76,70.85954739044027,-56.128033564372586,1.628875111946966,1.147,-68.91,35.54,WHAM_south_08,60.6599,54.9659,890.01316,87.0558,85.80028228462066,-1.2740385451295495,1.112904528054978,1.316,-58.8,36.43,grid125,49.426,1.6015,852.60559,132.3561,307.68289,-23.49873,122.42,0.7689,-31.1422,-2.4012,lvmSFrame-00005521.fits,sdsswork/lvm/spectro/redux/1.2.0/1028XX/1028831/60212/lvmSFrame-00005521.fits,sdsswork/data/agcam/lco/60212/coadds/lvm.sci.coadd_s00005521.fits,60177,,,,,,,,,,0.0,84.55128124408729,-2.277149001638473,-62.27271629514568,NGC2024,84.55128124408729,-2.277149001638473,-153.54895341069687,-17.30555153617643
1028XX,1028830,60212,5522,900.0,1,0,0,1.2.0,0,tile_id=1001082,2023-09-25T08:24:00.053,84.35504496195196,-1.9044820002635205,-62.308947125349846,1.242,-23.41,35.64,53.6316,700.90147,130.6682,70.85951171468392,-56.12799273537784,1.6329317734121436,1.136,-66.33,35.54,WHAM_south_08,61.6716,55.3025,720.1785,87.03,85.80027280237724,-1.2740987525192313,1.0679710677531682,1.265,-55.12,36.43,grid125,52.2247,1.5762,692.10576,132.2197,307.88206,-23.4313,122.61,0.7703,-27.7045,-5.4631,lvmSFrame-00005522.fits,sdsswork/lvm/spectro/redux/1.2.0/1028XX/1028830/60212/lvmSFrame-00005522.fits,sdsswork/data/agcam/lco/60212/coadds/lvm.sci.coadd_s00005522.fits,60177,,,,,,,,,,0.0,84.35504496195196,-1.9044820002635205,-62.308947125349846,NGC2024,84.35504496195196,-1.9044820002635205,-153.9900348732208,-17.305138806858526
1028XX,1028739,60212,5523,900.0,1,0,0,1.2.0,0,tile_id=1000991,2023-09-25T08:41:13.003,83.48382446505495,-2.600005508507912,-62.3568759628698,1.188,-19.02,35.64,57.2907,545.23463,129.4122,85.80027957292229,-1.2740634829123292,1.3281763182988933,1.222,-51.51,35.54,grid125,54.8815,2.6679,535.91504,132.0743,70.85952566130122,-56.128038464872624,1.2046160337726621,1.128,-63.49,36.43,WHAM_south_08,62.4218,54.4813,555.45914,87.0006,308.0924,-23.36213,122.8,0.7717,-24.0965,-8.5607,lvmSFrame-00005523.fits,sdsswork/lvm/spectro/redux/1.2.0/1028XX/1028739/60212/lvmSFrame-00005523.fits,sdsswork/data/agcam/lco/60212/coadds/lvm.sci.coadd_s00005523.fits,60177,,,,,,,,,,0.0,83.48382446505495,-2.600005508507912,-62.3568759628698,NGC2024,83.48382446505495,-2.600005508507912,-153.77067191728787,-18.399670937348095
1028XX,1028802,60215,5678,900.0,1,0,0,1.2.0,0,tile_id=1001054,2023-09-28T07:19:18.177,84.52268270293393,-3.0060868826685696,-62.29720567698211,1.417,-35.38,35.87,44.8468,1351.30662,93.7091,21.018595404851695,-22.927096771178693,1.138754923062172,1.086,-26.54,35.53,WHAM_south_02,67.0311,64.4846,2863.38785,33.6032,85.80025358907584,-1.2740828086710771,1.08177503689024,1.472,-66.7,36.47,grid125,42.7585,2.1517,1332.74934,95.1844,350.42826,-6.70602,163.81,0.9803,-39.697,33.4474,lvmSFrame-00005678.fits,sdsswork/lvm/spectro/redux/1.2.0/1028XX/1028802/60215/lvmSFrame-00005678.fits,sdsswork/data/agcam/lco/60215/coadds/lvm.sci.coadd_s00005678.fits,60177,,,,,,,,,,0.0,84.52268270293393,-3.0060868826685696,-62.29720567698211,NGC2024,84.52268270293393,-3.0060868826685696,-152.88586252211567,-17.669119866565804
1028XX,1028862,60215,5679,900.0,1,0,0,1.2.0,0,tile_id=1001114,2023-09-28T07:35:38.115,84.97244707459936,-2.2935659219777613,-62.277380363538406,1.364,-32.1,35.87,47.143,1170.84672,94.127,21.018570793016178,-22.926996367162833,1.170529785025228,1.117,-24.2,35.53,WHAM_south_02,63.489,65.1861,2415.4264,33.5486,85.80031970396514,-1.2741374302498862,1.0298505276963008,1.393,-63.17,36.47,grid125,45.8447,1.313,1161.00733,95.0691,350.54727,-6.62072,163.95,0.9806,-36.5722,29.9916,lvmSFrame-00005679.fits,sdsswork/lvm/spectro/redux/1.2.0/1028XX/1028862/60215/lvmSFrame-00005679.fits,sdsswork/data/agcam/lco/60215/coadds/lvm.sci.coadd_s00005679.fits,60177,,,,,,,,,,0.0,84.97244707459936,-2.2935659219777613,-62.277380363538406,NGC2024,84.97244707459936,-2.2935659219777613,-153.32888767666478,-16.94067139341964
1028XX,1028861,60215,5680,900.0,1,0,0,1.2.0,0,tile_id=1001113,2023-09-28T07:52:36.294,84.7760778201631,-1.9209343937296175,-62.29132308996298,1.303,-28.1,35.87,50.0878,993.56773,93.8533,70.85953635072782,-56.12797236710378,1.4718692005909424,1.149,-69.37,35.53,WHAM_south_08,60.4536,55.3538,1002.11955,79.1146,85.80034220507946,-1.2741658435569023,0.9827434710950187,1.327,-59.45,36.47,grid125,48.9102,1.211,983.40486,94.9454,350.67484,-6.53196,164.09,0.9809,-33.2285,26.3811,lvmSFrame-00005680.fits,sdsswork/lvm/spectro/redux/1.2.0/1028XX/1028861/60215/lvmSFrame-00005680.fits,sdsswork/data/agcam/lco/60215/coadds/lvm.sci.coadd_s00005680.fits,60177,,,,,,,,,,0.0,84.7760778201631,-1.9209343937296175,-62.29132308996298,NGC2024,84.7760778201631,-1.9209343937296175,-153.76913627316296,-16.940754711378602
1028XX,1028741,60215,5681,900.0,1,0,0,1.2.0,0,tile_id=1000993,2023-09-28T08:09:14.019,83.87606132217422,-3.3456483059490756,-62.334847137946596,1.227,-24.13,35.87,54.564,826.83117,92.6718,85.80030936649692,-1.274066707125559,1.2548385583995467,1.273,-56.0,35.53,grid125,51.7399,2.8263,813.6148,94.8201,70.85955792192563,-56.12803610926237,1.0917770810979828,1.138,-66.58,36.47,WHAM_south_08,61.5106,53.8041,829.21175,79.1151,350.80384,-6.44487,164.23,0.9813,-29.873,22.8297,lvmSFrame-00005681.fits,sdsswork/lvm/spectro/redux/1.2.0/1028XX/1028741/60215/lvmSFrame-00005681.fits,sdsswork/data/agcam/lco/60215/coadds/lvm.sci.coadd_s00005681.fits,60177,,,,,,,,,,0.0,83.87606132217422,-3.3456483059490756,-62.334847137946596,NGC2024,83.87606132217422,-3.3456483059490756,-152.88302715330698,-18.398591824277755
1028XX,1028772,60215,5683,900.0,1,0,0,1.2.0,0,tile_id=1001024,2023-09-28T08:42:23.132,84.29765982159732,-3.362257189990142,-62.3016126869939,1.163,-17.29,35.87,59.2527,506.27679,92.832,85.80029693314015,-1.2741158334171168,1.1708691356885856,1.196,-48.63,35.53,grid125,56.6879,2.5718,501.61775,94.5579,70.85950206075097,-56.127992638740075,1.0922033493534915,1.124,-61.54,36.47,WHAM_south_08,62.7718,53.8542,510.42786,79.1096,351.07328,-6.27112,164.53,0.982,-23.0033,15.7295,lvmSFrame-00005683.fits,sdsswork/lvm/spectro/redux/1.2.0/1028XX/1028772/60215/lvmSFrame-00005683.fits,sdsswork/data/agcam/lco/60215/coadds/lvm.sci.coadd_s00005683.fits,60177,,,,,,,,,,0.0,84.29765982159732,-3.362257189990142,-62.3016126869939,NGC2024,84.29765982159732,-3.362257189990142,-152.66299868334337,-18.032899144452973
1028XX,1028803,60216,5749,900.0,1,0,0,1.2.0,0,tile_id=1001055,2023-09-29T06:43:30.979,84.71921856368886,-3.378771586758649,-62.28351167942644,1.604,-42.26,35.9,38.5531,1722.28465,81.1275,85.80032593136079,-1.274069713411172,1.5393626868069108,1.683,-73.66,35.38,grid125,36.4491,2.3657,1701.88026,82.1865,21.018583506730927,-22.927004195752048,0.7881001772316066,1.041,-31.17,36.37,WHAM_south_02,73.8023,64.5128,3828.7806,28.679,3.62088,0.22637,177.54,0.9995,-45.7773,46.1878,lvmSFrame-00005749.fits,sdsswork/lvm/spectro/redux/1.2.0/1028XX/1028803/60216/lvmSFrame-00005749.fits,sdsswork/data/agcam/lco/60216/coadds/lvm.sci.coadd_s00005749.fits,60177,,,,,,,,,,0.0,84.71921856368886,-3.378771586758649,-62.28351167942644,NGC2024,84.71921856368886,-3.378771586758649,-152.44382790874673,-17.667046798463357
1028XX,1028833,60216,5751,900.0,1,0,0,1.2.0,0,tile_id=1001085,2023-09-29T07:17:22.285,84.94414817007357,-3.0224588116510156,-62.255300404960586,1.416,-35.27,35.9,44.9195,1362.2241,81.1481,21.018544232396163,-22.926985736691535,1.199577261852324,1.09,-26.25,35.38,WHAM_south_02,66.5989,64.8625,2890.23613,28.6977,85.80030691273153,-1.274153365084277,1.0860433772762519,1.462,-66.27,36.37,grid125,43.1426,1.9464,1351.39374,81.9816,3.82973,0.39419,177.78,0.9996,-39.7386,39.9524,lvmSFrame-00005751.fits,sdsswork/lvm/spectro/redux/1.2.0/1028XX/1028833/60216/lvmSFrame-00005751.fits,sdsswork/data/agcam/lco/60216/coadds/lvm.sci.coadd_s00005751.fits,60177,,,,,,,,,,0.0,84.94414817007357,-3.0224588116510156,-62.255300404960586,NGC2024,84.94414817007357,-3.0224588116510156,-152.6667048037968,-17.30344710863318
1028XX,1028863,60216,5752,900.0,1,0,0,1.2.0,0,tile_id=1001115,2023-09-29T07:35:35.970,85.16894513263091,-2.666134285316921,-62.278975959353865,1.346,-31.49,35.9,47.9713,1163.27843,81.2544,85.80026679070077,-1.2740270299215437,1.3794162559759966,1.377,-62.53,35.38,grid125,46.5623,1.5284,1157.22365,81.8662,21.01856404721392,-22.927058161169292,0.8849532190791773,1.126,-23.45,36.37,WHAM_south_02,62.6405,65.2126,2392.17377,28.7057,3.94723,0.48427,177.91,0.9997,-36.2687,36.4221,lvmSFrame-00005752.fits,sdsswork/lvm/spectro/redux/1.2.0/1028XX/1028863/60216/lvmSFrame-00005752.fits,sdsswork/data/agcam/lco/60216/coadds/lvm.sci.coadd_s00005752.fits,60177,,,,,,,,,,0.0,85.16894513263091,-2.666134285316921,-62.278975959353865,NGC2024,85.16894513263091,-2.666134285316921,-152.88866245285953,-16.9396049547344
1028XX,1028829,60216,5753,900.0,1,0,0,1.2.0,0,tile_id=1001081,2023-09-29T07:52:20.672,84.15885782541956,-1.5317018110785583,-62.293734383126335,1.289,-26.61,35.9,50.8596,997.25346,80.1197,85.80028395809207,-1.2740536619343044,1.3399038218291501,1.314,-58.86,35.38,grid125,49.5511,1.661,980.10435,81.7569,70.85950527322865,-56.12796988802529,1.089657467391891,1.146,-68.59,36.37,WHAM_south_08,60.7091,55.6399,990.22499,77.7999,4.0586,0.56684,178.03,0.9997,-32.9785,33.0997,lvmSFrame-00005753.fits,sdsswork/lvm/spectro/redux/1.2.0/1028XX/1028829/60216/lvmSFrame-00005753.fits,sdsswork/data/agcam/lco/60216/coadds/lvm.sci.coadd_s00005753.fits,60177,,,,,,,,,,0.0,84.15885782541956,-1.5317018110785583,-62.293734383126335,NGC2024,84.15885782541956,-1.5317018110785583,-154.4312136431509,-17.303750627900218
1028XX,1028860,60216,5754,900.0,1,0,0,1.2.0,0,tile_id=1001112,2023-09-29T08:08:58.440,84.57985577993765,-1.5482635838553873,-62.28312967825467,1.246,-23.33,35.9,53.324,818.24601,80.4291,70.85952969917268,-56.128038934562454,1.5426541900344652,1.135,-66.22,35.38,WHAM_south_08,61.7079,55.6899,818.14662,77.8099,85.80031521092667,-1.274132357625843,0.9512800066586549,1.263,-54.97,36.37,grid125,52.3374,1.2505,808.91876,81.6448,4.17267,0.64865,178.15,0.9997,-29.6317,29.7398,lvmSFrame-00005754.fits,sdsswork/lvm/spectro/redux/1.2.0/1028XX/1028860/60216/lvmSFrame-00005754.fits,sdsswork/data/agcam/lco/60216/coadds/lvm.sci.coadd_s00005754.fits,60177,,,,,,,,,,0.0,84.57985577993765,-1.5482635838553873,-62.28312967825467,NGC2024,84.57985577993765,-1.5482635838553873,-154.20936836991274,-16.939832913722075
1028XX,1028770,60255,7329,900.0,1,0,0,1.2.0,0,tile_id=1028770,2023-11-07T04:18:19.194,83.9050683643544,-2.6167327593259593,62.238417106223714,1.542,-102.03,35.98,40.4101,3595.30472,75.3378,85.80020326559278,-1.274011425362475,1.3857682421724447,1.62,-71.96,35.78,grid125,38.0895,2.3217,3607.75547,73.1563,21.018593665651018,-22.9270682499569,0.7354009545892352,1.051,-29.9,36.56,WHAM_south_02,72.0994,64.0811,2724.47198,138.5054,158.0683,14.18166,290.24,0.3282,-44.761,-31.4027,lvmSFrame-00007329.fits,sdsswork/lvm/spectro/redux/1.2.0/1028XX/1028770/60255/lvmSFrame-00007329.fits,sdsswork/data/agcam/lco/60255/coadds/lvm.sci.coadd_s00007329.fits,60255,,,,,,,,,,0.0,83.9050683643544,-2.6167327593259593,62.238417106223714,NGC2024,83.9050683643544,-2.6167327593259593,-153.54884158823953,-18.03503476801401
1028XX,1028828,60255,7331,900.0,1,0,0,1.2.0,0,tile_id=1028828,2023-11-07T04:52:58.041,83.96283224166056,-1.158931880549824,62.226045025216806,1.387,-94.37,35.98,46.1178,3284.91585,75.1946,85.8002155590701,-1.2740170082425673,1.2887679762181077,1.418,-64.55,35.78,grid125,44.8355,1.8406,3188.73768,73.45,21.018575994687936,-22.927049631292142,0.8029797050326977,1.106,-24.75,36.56,WHAM_south_02,64.6636,64.7406,2788.0089,138.7636,158.38237,14.08788,290.53,0.3258,-44.3428,-24.0438,lvmSFrame-00007331.fits,sdsswork/lvm/spectro/redux/1.2.0/1028XX/1028828/60255/lvmSFrame-00007331.fits,sdsswork/data/agcam/lco/60255/coadds/lvm.sci.coadd_s00007331.fits,60255,,,,,,,,,,0.0,83.96283224166056,-1.158931880549824,62.226045025216806,NGC2024,83.96283224166056,-1.158931880549824,-154.87231133302285,-17.301328808947183
1028XX,1028893,60255,7332,900.0,1,0,0,1.2.0,0,tile_id=1028893,2023-11-07T05:09:49.049,85.39364081172556,-2.3097729880005193,62.158924921840466,1.326,-92.18,35.98,48.9429,2922.65048,74.2505,21.018538764870208,-22.927079881633034,1.1166596956916943,1.143,-22.62,35.78,WHAM_south_02,60.9926,65.5632,2768.06326,138.8837,85.80027393321654,-1.2740378114047821,0.9690576246469326,1.347,-60.67,36.56,grid125,47.9289,1.1126,2962.68987,73.5873,158.52918,14.04258,290.67,0.3247,-43.5921,-20.4673,lvmSFrame-00007332.fits,sdsswork/lvm/spectro/redux/1.2.0/1028XX/1028893/60255/lvmSFrame-00007332.fits,sdsswork/data/agcam/lco/60255/coadds/lvm.sci.coadd_s00007332.fits,60255,,,,,,,,,,0.0,85.39364081172556,-2.3097729880005193,62.158924921840466,NGC2024,85.39364081172556,-2.3097729880005193,-153.10974502383374,-16.575500445293407
1028XX,1028892,60255,7333,900.0,1,0,0,1.2.0,0,tile_id=1028892,2023-11-07T05:50:06.245,85.19717115791019,-1.9372216001019678,62.15223441204688,1.214,-83.08,35.7,55.4689,2374.67439,74.6536,70.85954201197374,-56.12801958358047,1.4391303994539024,1.129,-64.01,35.23,WHAM_south_08,62.3461,55.4073,1432.08131,100.4342,85.80029791398118,-1.2740335749918847,0.8682957232381933,1.227,-51.76,36.28,grid125,54.5779,0.8963,2379.97353,73.9,158.86377,13.93458,290.98,0.3222,-40.4707,-11.9475,lvmSFrame-00007333.fits,sdsswork/lvm/spectro/redux/1.2.0/1028XX/1028892/60255/lvmSFrame-00007333.fits,sdsswork/data/agcam/lco/60255/coadds/lvm.sci.coadd_s00007333.fits,60255,,,,,,,,,,0.0,85.19717115791019,-1.9372216001019678,62.15223441204688,NGC2024,85.19717115791019,-1.9372216001019678,-153.54912348840705,-16.57605913956013
1028XX,1028891,60255,7334,900.0,1,0,0,1.2.0,0,tile_id=1028891,2023-11-07T06:06:18.237,85.00086831779497,-1.5646971166144092,62.189469240505495,1.186,-79.28,35.7,57.5021,2148.92312,74.8664,85.80026543611575,-1.2740327260681843,1.1077888036044117,1.194,-48.37,35.23,grid125,56.8424,0.8504,2135.51442,74.0194,70.85951006974791,-56.12804322720648,1.0596814690344354,1.124,-61.36,36.28,WHAM_south_08,62.7915,55.7421,1333.54503,100.4687,158.99163,13.89111,291.1,0.3212,-38.7469,-8.542,lvmSFrame-00007334.fits,sdsswork/lvm/spectro/redux/1.2.0/1028XX/1028891/60255/lvmSFrame-00007334.fits,sdsswork/data/agcam/lco/60255/coadds/lvm.sci.coadd_s00007334.fits,60255,,,,,,,,,,0.0,85.00086831779497,-1.5646971166144092,62.189469240505495,NGC2024,85.00086831779497,-1.5646971166144092,-153.98841737844535,-16.575648715580684
1028XX,1028859,60255,7335,900.0,1,0,0,1.2.0,0,tile_id=1028859,2023-11-07T06:22:52.922,84.38375686783255,-1.1755639183247064,62.236767132820624,1.163,-74.9,35.7,59.3297,1920.62979,75.4826,70.85954250517317,-56.128049651407075,1.4571593318555376,1.123,-59.12,35.23,WHAM_south_08,62.9339,56.0268,1220.44568,100.5017,85.80030829925973,-1.2740467498510009,0.8135468833589466,1.169,-44.48,36.28,grid125,58.8324,1.4196,1883.8766,74.1378,159.11846,13.84652,291.22,0.3202,-36.7431,-5.0742,lvmSFrame-00007335.fits,sdsswork/lvm/spectro/redux/1.2.0/1028XX/1028859/60255/lvmSFrame-00007335.fits,sdsswork/data/agcam/lco/60255/coadds/lvm.sci.coadd_s00007335.fits,60255,,,,,,,,,,0.0,84.38375686783255,-1.1755639183247064,62.236767132820624,NGC2024,84.38375686783255,-1.1755639183247064,-154.64957720144054,-16.93791553126546
1028XX,1028804,60255,7339,900.0,1,0,0,1.2.0,0,tile_id=1028804,2023-11-07T08:02:34.983,84.9158531354139,-3.7514067795258055,62.19511903863722,1.126,-55.85,35.55,62.6461,540.65675,76.2519,85.80029194164915,-1.2741079530915147,1.089923623586968,1.147,-23.61,35.25,grid125,60.6171,2.6301,545.49804,74.7684,70.85947416017841,-56.128003767866986,1.1643664981655195,1.185,-45.19,36.14,WHAM_south_08,57.5557,53.5717,436.93875,100.649,159.79624,13.57226,291.86,0.315,-20.946,15.1609,lvmSFrame-00007339.fits,sdsswork/lvm/spectro/redux/1.2.0/1028XX/1028804/60255/lvmSFrame-00007339.fits,sdsswork/data/agcam/lco/60255/coadds/lvm.sci.coadd_s00007339.fits,60255,,,,,,,,,,0.0,84.9158531354139,-3.7514067795258055,62.19511903863722,NGC2024,84.9158531354139,-3.7514067795258055,-152.0018401798008,-17.664029466704772
1028XX,1028711,60266,7912,900.0,1,0,0,1.2.0,0,tile_id=1028711,2023-11-18T04:05:43.561,83.65067799897407,-3.7016761491066155,62.25166730331239,1.361,-95.62,35.82,47.2929,3438.82104,136.0098,21.018551412102706,-22.926975582331227,1.033468492878864,1.099,-25.53,35.42,WHAM_south_02,65.5297,63.4068,2094.82544,74.8102,85.80031479180475,-1.2741422261842217,0.9655989101765801,1.437,-65.2,36.23,grid125,44.0819,3.2411,3630.18239,139.2391,297.48663,-25.62423,59.57,0.2477,-41.547,-3.3516,lvmSFrame-00007912.fits,sdsswork/lvm/spectro/redux/1.2.0/1028XX/1028711/60266/lvmSFrame-00007912.fits,sdsswork/data/agcam/lco/60266/coadds/lvm.sci.coadd_s00007912.fits,60255,,,,,,,,,,0.0,83.65067799897407,-3.7016761491066155,62.25166730331239,NGC2024,83.65067799897407,-3.7016761491066155,-152.6592376822124,-18.76241137573091
1028XX,1028773,60266,7913,900.0,1,0,0,1.2.0,0,tile_id=1028773,2023-11-18T04:22:04.697,84.49411992772814,-3.7350001123569765,62.19858101480811,1.31,-92.85,35.82,49.7543,3282.91596,136.4833,21.01854905950512,-22.926966046253018,1.0585781431143075,1.133,-23.24,35.42,WHAM_south_02,61.9725,64.1636,2158.0694,74.6583,85.80032841805,-1.274119246425433,0.9182174500382673,1.364,-61.65,36.23,grid125,47.1189,2.7854,3473.75502,139.1275,297.68424,-25.57032,59.74,0.249,-41.8183,-6.2517,lvmSFrame-00007913.fits,sdsswork/lvm/spectro/redux/1.2.0/1028XX/1028773/60266/lvmSFrame-00007913.fits,sdsswork/data/agcam/lco/60266/coadds/lvm.sci.coadd_s00007913.fits,60255,,,,,,,,,,0.0,84.49411992772814,-3.7350001123569765,62.19858101480811,NGC2024,84.49411992772814,-3.7350001123569765,-152.2200804850845,-18.03038332962173
1028XX,1028834,60266,7914,900.0,1,0,0,1.2.0,0,tile_id=1028834,2023-11-18T04:38:22.497,85.14080973939448,-3.3950387384027736,62.176904234359355,1.269,-89.79,35.82,51.9886,3140.49765,137.0717,70.85949533135454,-56.127961416648475,1.3783942632680648,1.144,-68.39,35.42,WHAM_south_08,60.8795,53.9609,1495.64709,89.1516,85.80032546188555,-1.274120671862717,0.8817135457916881,1.305,-58.07,36.23,grid125,50.0004,2.2209,3297.67178,139.0123,297.8851,-25.51718,59.91,0.2503,-41.768,-9.0724,lvmSFrame-00007914.fits,sdsswork/lvm/spectro/redux/1.2.0/1028XX/1028834/60266/lvmSFrame-00007914.fits,sdsswork/data/agcam/lco/60266/coadds/lvm.sci.coadd_s00007914.fits,60255,,,,,,,,,,0.0,85.14080973939448,-3.3950387384027736,62.176904234359355,NGC2024,85.14080973939448,-3.3950387384027736,-152.22559860383254,-17.300907113701605
1028XX,1028864,60266,7915,900.0,1,0,0,1.2.0,0,tile_id=1028864,2023-11-18T04:54:41.652,85.36558386363839,-3.038652332075978,62.15464615496779,1.231,-86.32,35.82,54.3376,2985.50088,137.3656,70.85950437134116,-56.128004331515356,1.3899027239313106,1.134,-65.87,35.42,WHAM_south_08,61.8208,54.3504,1473.95288,89.1239,85.80033214342848,-1.2741168837996293,0.8458187042098201,1.257,-54.46,36.23,grid125,52.7052,1.8172,3102.73572,138.893,298.09001,-25.46463,60.09,0.2517,-41.3978,-11.8202,lvmSFrame-00007915.fits,sdsswork/lvm/spectro/redux/1.2.0/1028XX/1028864/60266/lvmSFrame-00007915.fits,sdsswork/data/agcam/lco/60266/coadds/lvm.sci.coadd_s00007915.fits,60255,,,,,,,,,,0.0,85.36558386363839,-3.038652332075978,62.15464615496779,NGC2024,85.36558386363839,-3.038652332075978,-152.44845161753088,-16.93756784924139
1028XX,1028894,60266,7916,900.0,1,0,0,1.2.0,0,tile_id=1028894,2023-11-18T05:10:43.479,85.59025329411386,-2.682252888705859,62.15186649631773,1.2,-82.89,35.82,56.4122,2809.80147,137.6569,85.80031332830036,-1.2740501793808672,1.0831819867038401,1.218,-51.11,35.42,grid125,55.1443,1.4238,2895.09726,138.7721,70.85952258361453,-56.12802653057425,1.02648198919173,1.128,-63.22,36.23,WHAM_south_08,62.4783,54.7402,1435.8392,89.0945,298.29482,-25.41376,60.27,0.253,-40.7295,-14.4365,lvmSFrame-00007916.fits,sdsswork/lvm/spectro/redux/1.2.0/1028XX/1028894/60266/lvmSFrame-00007916.fits,sdsswork/data/agcam/lco/60266/coadds/lvm.sci.coadd_s00007916.fits,60255,,,,,,,,,,0.0,85.59025329411386,-2.682252888705859,62.15186649631773,NGC2024,85.59025329411386,-2.682252888705859,-152.67039308403656,-16.573964776307825
1028XX,1028890,60266,7918,900.0,1,0,0,1.2.0,0,tile_id=1028890,2023-11-18T05:44:02.085,84.80468689117482,-1.192082724024562,62.212705495050635,1.159,-74.3,35.82,59.6125,2456.90837,137.8206,85.80031794768608,-1.2740870134969604,1.0340937592186463,1.163,-43.71,35.42,grid125,59.2967,0.9988,2423.08264,138.5093,70.85952321473995,-56.12802603358716,1.031470072653131,1.123,-58.26,36.23,WHAM_south_08,62.9166,56.0776,1306.94328,89.026,298.73082,-25.31079,60.65,0.2559,-38.4329,-19.5721,lvmSFrame-00007918.fits,sdsswork/lvm/spectro/redux/1.2.0/1028XX/1028890/60266/lvmSFrame-00007918.fits,sdsswork/data/agcam/lco/60266/coadds/lvm.sci.coadd_s00007918.fits,60255,,,,,,,,,,0.0,84.80468689117482,-1.192082724024562,62.212705495050635,NGC2024,84.80468689117482,-1.192082724024562,-154.42774788032685,-16.57423813333967
1028XX,1028712,60268,7950,900.0,1,0,0,1.2.0,0,tile_id=1028712,2023-11-20T04:02:12.999,83.84694536130152,-4.074495774252955,62.24604133163096,1.341,-94.92,36.35,48.2155,3360.85998,114.5444,21.018560044535516,-22.92713680480111,1.0653294364215677,1.107,-24.91,35.93,WHAM_south_02,64.5848,63.4359,1994.47393,51.1546,85.80028675989152,-1.2740970314926703,1.0046904566073889,1.416,-64.26,36.86,grid125,44.903,3.413,3615.73037,117.3691,326.50572,-17.54448,85.62,0.4631,-40.9688,15.2006,lvmSFrame-00007950.fits,sdsswork/lvm/spectro/redux/1.2.0/1028XX/1028712/60268/lvmSFrame-00007950.fits,sdsswork/data/agcam/lco/60268/coadds/lvm.sci.coadd_s00007950.fits,60255,,,,,,,,,,0.0,83.84694536130152,-4.074495774252955,62.24604133163096,NGC2024,83.84694536130152,-4.074495774252955,-152.21450012060765,-18.759849333400425
1028XX,1028743,60268,7951,900.0,1,0,0,1.2.0,0,tile_id=1028743,2023-11-20T04:18:45.420,84.26884231815741,-4.091198973517907,62.21741573512712,1.287,-91.77,36.35,50.9944,3240.11954,114.8076,85.80024996635876,-1.2740061944695946,1.2126072066942786,1.347,-60.86,35.93,grid125,47.9379,3.2056,3471.85167,117.2424,21.018556665971982,-22.927052973712797,0.8406762733081677,1.143,-22.4,36.86,WHAM_south_02,60.981,63.8148,2061.5239,51.0371,326.65711,-17.46495,85.77,0.4644,-41.3161,11.7558,lvmSFrame-00007951.fits,sdsswork/lvm/spectro/redux/1.2.0/1028XX/1028743/60268/lvmSFrame-00007951.fits,sdsswork/data/agcam/lco/60268/coadds/lvm.sci.coadd_s00007951.fits,60255,,,,,,,,,,0.0,84.26884231815741,-4.091198973517907,62.21741573512712,NGC2024,84.26884231815741,-4.091198973517907,-151.9953798230548,-18.39347101441031
1028XX,1028774,60268,7953,900.0,1,0,0,1.2.0,0,tile_id=1028774,2023-11-20T04:53:55.151,84.6907813798056,-4.107697369585821,62.18392781684912,1.196,-84.52,36.35,56.7255,2913.62068,114.9199,85.80029394303158,-1.27408508559598,1.1224645331108976,1.239,-53.1,35.93,grid125,53.8131,3.0426,3092.7321,116.9588,70.85949194478755,-56.12799460080439,1.0469182616320716,1.131,-64.57,36.86,WHAM_south_08,62.1455,53.1829,1446.48886,83.1473,326.99321,-17.29583,86.11,0.4673,-40.9716,4.5255,lvmSFrame-00007953.fits,sdsswork/lvm/spectro/redux/1.2.0/1028XX/1028774/60268/lvmSFrame-00007953.fits,sdsswork/data/agcam/lco/60268/coadds/lvm.sci.coadd_s00007953.fits,60255,,,,,,,,,,0.0,84.6907813798056,-4.107697369585821,62.18392781684912,NGC2024,84.6907813798056,-4.107697369585821,-151.77716269244698,-18.02682845045983
1028XX,1028865,60268,7955,900.0,1,0,0,1.2.0,0,tile_id=1028865,2023-11-20T05:31:01.704,85.56239595067527,-3.4111306806124397,62.14914359095013,1.146,-76.94,36.35,60.7703,2493.3157,115.6715,85.800328,-1.27412,0.0,1.17,-44.85,35.93,grid125,58.7515,2.1502,2602.95078,116.6385,70.85950521279362,-56.12802200888109,1.0627119356369807,1.123,-59.02,36.86,WHAM_south_08,62.9333,54.0176,1339.06233,83.1006,327.36876,-17.118,86.48,0.4705,-39.055,-2.9354,lvmSFrame-00007955.fits,sdsswork/lvm/spectro/redux/1.2.0/1028XX/1028865/60268/lvmSFrame-00007955.fits,sdsswork/data/agcam/lco/60268/coadds/lvm.sci.coadd_s00007955.fits,60255,,,,,,,,,,0.0,85.56239595067527,-3.4111306806124397,62.14914359095013,NGC2024,85.56239595067527,-3.4111306806124397,-152.00823817487733,-16.934553043061634
1028XX,1028895,60268,7956,900.0,1,0,0,1.2.0,0,tile_id=1028895,2023-11-20T05:49:32.708,85.78703349313305,-3.054662523628959,62.14310037435224,1.13,-73.0,36.35,62.2082,2253.69899,115.8439,70.8595,-56.128,0.0,1.125,-56.54,35.93,WHAM_south_08,62.7277,54.4079,1255.75227,83.0726,85.80032425185264,-1.2741287608316398,0.7884231900705266,1.149,-40.56,36.86,grid125,60.5217,1.7806,2333.93972,116.4708,327.56395,-17.0298,86.67,0.4722,-37.5509,-6.5778,lvmSFrame-00007956.fits,sdsswork/lvm/spectro/redux/1.2.0/1028XX/1028895/60268/lvmSFrame-00007956.fits,sdsswork/data/agcam/lco/60268/coadds/lvm.sci.coadd_s00007956.fits,60255,,,,,,,,,,0.0,85.78703349313305,-3.054662523628959,62.14310037435224,NGC2024,85.78703349313305,-3.054662523628959,-152.23106310905933,-16.571447732572068
1028XX,1028923,60268,7957,900.0,1,0,0,1.2.0,0,tile_id=1028923,2023-11-20T06:12:46.565,85.81484611588252,-2.3258604376913596,62.14574631314791,1.123,-67.67,36.35,62.9405,1946.06972,115.9096,85.800328,-1.27412,0.0,1.133,-35.72,35.93,grid125,61.9027,1.0518,1983.34051,116.2531,70.85946378533448,-56.1280197629487,1.1118262013360474,1.133,-53.04,36.86,WHAM_south_08,61.9178,55.1303,1127.4849,83.0329,327.81592,-16.91986,86.92,0.4744,-35.206,-11.0566,lvmSFrame-00007957.fits,sdsswork/lvm/spectro/redux/1.2.0/1028XX/1028923/60268/lvmSFrame-00007957.fits,sdsswork/data/agcam/lco/60268/coadds/lvm.sci.coadd_s00007957.fits,60255,,,,,,,,,,0.0,85.81484611588252,-2.3258604376913596,62.14574631314791,NGC2024,85.81484611588252,-2.3258604376913596,-152.89142686674714,-16.21010177645311
1028XX,1028922,60268,7958,900.0,1,0,0,1.2.0,0,tile_id=1028922,2023-11-20T06:35:17.506,85.61826218184427,-1.953481557357811,62.18683974087351,1.123,-62.61,36.35,62.9003,1625.34258,115.6355,70.8595,-56.128,0.0,1.148,-50.16,35.93,WHAM_south_08,60.5965,55.4628,982.89267,82.9896,85.80031644637035,-1.2741264323716641,0.801649586537695,1.13,-30.73,36.86,grid125,62.2288,0.7033,1639.69198,116.0346,328.06735,-16.81424,87.16,0.4765,-32.5027,-15.2849,lvmSFrame-00007958.fits,sdsswork/lvm/spectro/redux/1.2.0/1028XX/1028922/60268/lvmSFrame-00007958.fits,sdsswork/data/agcam/lco/60268/coadds/lvm.sci.coadd_s00007958.fits,60255,,,,,,,,,,0.0,85.61826218184427,-1.953481557357811,62.18683974087351,NGC2024,85.61826218184427,-1.953481557357811,-153.3298768458187,-16.21117859106093
1028XX,1028921,60268,7959,900.0,1,0,0,1.2.0,0,tile_id=1028921,2023-11-20T06:57:31.258,85.42184058461095,-1.5809692750391897,62.19703392528976,1.135,-57.71,36.35,61.7536,1307.78411,115.3535,85.800328,-1.27412,0.0,1.137,-26.38,35.93,grid125,61.5378,0.4872,1307.86041,115.812,70.85976759712884,-56.128087238228446,1.2145371856447646,1.168,-47.0,36.86,WHAM_south_08,58.8455,55.7964,826.69861,82.9424,328.3222,-16.71103,87.41,0.4787,-29.4745,-19.3314,lvmSFrame-00007959.fits,sdsswork/lvm/spectro/redux/1.2.0/1028XX/1028921/60268/lvmSFrame-00007959.fits,sdsswork/data/agcam/lco/60268/coadds/lvm.sci.coadd_s00007959.fits,60255,,,,,,,,,,0.0,85.42184058461095,-1.5809692750391897,62.19703392528976,NGC2024,85.42184058461095,-1.5809692750391897,-153.7683947504523,-16.21123790660489
1028XX,1028920,60268,7960,900.0,1,0,0,1.2.0,0,tile_id=1028920,2023-11-20T07:16:03.298,85.22561250630334,-1.2084651573744722,62.20303930081043,1.155,-53.69,36.35,59.9755,1052.63777,115.0999,70.8595,-56.128,0.0,1.191,-44.82,35.93,WHAM_south_08,57.1028,56.1306,691.31395,82.8993,85.80030045967096,-1.2741262456043838,0.8561861816893962,1.152,-22.51,36.86,grid125,60.2401,0.5783,1045.06349,115.6214,328.53941,-16.62589,87.62,0.4805,-26.7142,-22.5915,lvmSFrame-00007960.fits,sdsswork/lvm/spectro/redux/1.2.0/1028XX/1028920/60268/lvmSFrame-00007960.fits,sdsswork/data/agcam/lco/60268/coadds/lvm.sci.coadd_s00007960.fits,60255,,,,,,,,,,0.0,85.22561250630334,-1.2084651573744722,62.20303930081043,NGC2024,85.22561250630334,-1.2084651573744722,-154.20682627178823,-16.21030137282735
1028XX,1028889,60268,7961,900.0,1,0,0,1.2.0,0,tile_id=1028889,2023-11-20T07:34:35.509,84.60859548200723,-0.8193645768123103,62.27095842954841,1.187,-49.52,36.35,57.4095,816.20875,114.4454,70.8595,-56.128,0.0,1.218,-42.51,35.93,WHAM_south_08,55.149,56.4141,556.01217,82.8533,85.80031064747155,-1.274097602711097,0.8903169794971789,1.174,-19.01,36.86,grid125,58.3704,1.2753,801.78369,115.4265,328.76069,-16.54165,87.84,0.4824,-23.7681,-25.7323,lvmSFrame-00007961.fits,sdsswork/lvm/spectro/redux/1.2.0/1028XX/1028889/60268/lvmSFrame-00007961.fits,sdsswork/data/agcam/lco/60268/coadds/lvm.sci.coadd_s00007961.fits,60255,,,,,,,,,,0.0,84.60859548200723,-0.8193645768123103,62.27095842954841,NGC2024,84.60859548200723,-0.8193645768123103,-154.86713428708052,-16.57183165842877
1028XX,1028805,60269,8017,900.0,1,0,0,1.2.0,0,tile_id=1028805,2023-11-21T04:46:11.996,85.11270752000033,-4.123989239568411,62.13359682489965,1.208,-85.67,36.18,55.8643,2963.14264,103.6022,85.80027491452394,-1.2740583242380787,1.1764848310601412,1.248,-53.94,35.86,grid125,53.2266,2.9315,3171.81828,104.8966,70.85951073651546,-56.128018917355334,1.062752872866065,1.133,-65.15,36.86,WHAM_south_08,61.9784,53.2379,1443.82524,80.7169,340.31295,-11.56971,99.19,0.5811,-40.9537,14.0424,lvmSFrame-00008017.fits,sdsswork/lvm/spectro/redux/1.2.0/1028XX/1028805/60269/lvmSFrame-00008017.fits,sdsswork/data/agcam/lco/60269/coadds/lvm.sci.coadd_s00008017.fits,60255,,,,,,,,,,0.0,85.11270752000033,-4.123989239568411,62.13359682489965,NGC2024,85.11270752000033,-4.123989239568411,-151.55985287290903,-17.659976252699913
1028XX,1028835,60269,8018,900.0,1,0,0,1.2.0,0,tile_id=1028835,2023-11-21T05:04:45.177,85.33765042339151,-3.7675703430209246,62.12869873659533,1.175,-81.72,36.18,58.291,2789.66314,103.7571,70.86037263067755,-56.129107144152414,1.4184610601293648,1.126,-62.55,35.86,WHAM_south_08,62.6459,53.6285,1410.34998,80.706,85.80031392039034,-1.2741269545899607,0.8840979764710731,1.206,-49.61,36.86,grid125,55.9674,2.5359,2949.62276,104.7484,340.47202,-11.47669,99.36,0.5825,-40.3603,10.0962,lvmSFrame-00008018.fits,sdsswork/lvm/spectro/redux/1.2.0/1028XX/1028835/60269/lvmSFrame-00008018.fits,sdsswork/data/agcam/lco/60269/coadds/lvm.sci.coadd_s00008018.fits,60255,,,,,,,,,,0.0,85.33765042339151,-3.7675703430209246,62.12869873659533,NGC2024,85.33765042339151,-3.7675703430209246,-151.78450162078371,-17.297374835081488
1028XX,1028924,60269,8020,900.0,1,0,0,1.2.0,0,tile_id=1028924,2023-11-21T05:41:47.648,86.01154942142709,-2.69814342159896,62.094457927712966,1.138,-73.83,36.18,61.4579,2367.00473,104.3422,70.8595,-56.128,0.0,1.124,-57.09,35.86,WHAM_south_08,62.8027,54.7986,1281.00253,80.6741,85.80031733302782,-1.2741292179705113,0.8206908663177673,1.152,-41.4,36.86,grid125,60.2017,1.4396,2444.31578,104.4365,340.80549,-11.29111,99.71,0.5855,-38.0308,2.2872,lvmSFrame-00008020.fits,sdsswork/lvm/spectro/redux/1.2.0/1028XX/1028924/60269/lvmSFrame-00008020.fits,sdsswork/data/agcam/lco/60269/coadds/lvm.sci.coadd_s00008020.fits,60255,,,,,,,,,,0.0,86.01154942142709,-2.69814342159896,62.094457927712966,NGC2024,86.01154942142709,-2.69814342159896,-152.45303951360015,-16.20808014997243
1028XX,1028952,60269,8021,900.0,1,0,0,1.2.0,0,tile_id=1028952,2023-11-21T06:00:19.546,86.03932533290211,-1.969442790837395,62.13969885789031,1.131,-69.53,36.18,62.1402,2134.93667,104.3617,70.8595,-56.128,0.0,1.13,-54.44,35.86,WHAM_south_08,62.2835,55.5206,1188.37031,80.6537,85.80032954326903,-1.2741142380716384,0.8044554481548463,1.138,-37.35,36.86,grid125,61.514,0.7352,2169.99925,104.2725,340.98025,-11.1985,99.89,0.5871,-36.3429,-1.5749,lvmSFrame-00008021.fits,sdsswork/lvm/spectro/redux/1.2.0/1028XX/1028952/60269/lvmSFrame-00008021.fits,sdsswork/data/agcam/lco/60269/coadds/lvm.sci.coadd_s00008021.fits,60255,,,,,,,,,,0.0,86.03932533290211,-1.969442790837395,62.13969885789031,NGC2024,86.03932533290211,-1.969442790837395,-153.11163614638883,-15.846016040923784
1028XX,1028951,60269,8022,900.0,1,0,0,1.2.0,0,tile_id=1028951,2023-11-21T06:18:52.208,85.84280580219196,-1.5971171653010992,62.153780252268184,1.127,-65.23,36.18,62.4952,1876.60371,104.0784,70.8595,-56.128,0.0,1.139,-51.86,35.86,WHAM_south_08,61.3906,55.8527,1080.21046,80.6302,85.80031245409589,-1.2741222285807599,0.8002711974320283,1.131,-33.36,36.86,grid125,62.1758,0.3258,1888.42656,104.103,341.16035,-11.10609,100.07,0.5887,-34.3454,-5.4024,lvmSFrame-00008022.fits,sdsswork/lvm/spectro/redux/1.2.0/1028XX/1028951/60269/lvmSFrame-00008022.fits,sdsswork/data/agcam/lco/60269/coadds/lvm.sci.coadd_s00008022.fits,60255,,,,,,,,,,0.0,85.84280580219196,-1.5971171653010992,62.153780252268184,NGC2024,85.84280580219196,-1.5971171653010992,-153.54922702692647,-15.846595317376659
1028XX,1028950,60269,8023,900.0,1,0,0,1.2.0,0,tile_id=1028950,2023-11-21T06:37:25.066,85.64648045060548,-1.2247289528953669,62.177679589207926,1.132,-60.99,36.18,62.0763,1610.11401,103.7877,85.800328,-1.27412,0.0,1.131,-29.68,35.86,grid125,62.1391,0.1615,1605.88102,103.9284,70.8595,-56.128,0.0,1.153,-49.14,36.86,WHAM_south_08,60.16,56.1856,959.61472,80.6035,341.34559,-11.01399,100.26,0.5903,-32.071,-9.187,lvmSFrame-00008023.fits,sdsswork/lvm/spectro/redux/1.2.0/1028XX/1028950/60269/lvmSFrame-00008023.fits,sdsswork/data/agcam/lco/60269/coadds/lvm.sci.coadd_s00008023.fits,60255,,,,,,,,,,0.0,85.64648045060548,-1.2247289528953669,62.177679589207926,NGC2024,85.64648045060548,-1.2247289528953669,-153.98679894741753,-15.846167528970525
1028XX,1028919,60269,8024,900.0,1,0,0,1.2.0,0,tile_id=1028919,2023-11-21T06:55:57.035,85.02945093327986,-0.83588173071839,62.22312669352022,1.146,-56.55,36.18,60.796,1350.10175,103.0808,85.800328,-1.27412,0.0,1.139,-25.91,35.86,grid125,61.4073,0.8866,1329.16802,103.7487,70.85954399438127,-56.12802101405981,1.2043861854869748,1.171,-46.69,36.86,WHAM_south_08,58.6366,56.4657,830.28499,80.5737,341.53567,-10.92237,100.46,0.592,-29.5538,-12.918,lvmSFrame-00008024.fits,sdsswork/lvm/spectro/redux/1.2.0/1028XX/1028919/60269/lvmSFrame-00008024.fits,sdsswork/data/agcam/lco/60269/coadds/lvm.sci.coadd_s00008024.fits,60255,,,,,,,,,,0.0,85.02945093327986,-0.83588173071839,62.22312669352022,NGC2024,85.02945093327986,-0.83588173071839,-154.6453052628066,-16.208423666223286
1028XX,1028744,60270,8053,900.0,1,0,0,1.2.0,0,tile_id=1028744,2023-11-22T05:50:42.050,84.4654414140864,-4.463923530279965,62.22136369881503,1.107,-70.68,36.32,64.5973,2199.80819,90.3959,70.85952108311594,-56.1280160161534,1.25547500865462,1.127,-55.25,35.75,WHAM_south_08,62.484,52.7944,1227.55948,78.8568,85.80033052055508,-1.2741212016226569,0.6024975802790057,1.141,-38.59,36.69,grid125,61.1768,3.4571,2311.03284,91.9961,353.68877,-4.83253,112.96,0.6961,-37.0806,7.56,lvmSFrame-00008053.fits,sdsswork/lvm/spectro/redux/1.2.0/1028XX/1028744/60270/lvmSFrame-00008053.fits,sdsswork/data/agcam/lco/60270/coadds/lvm.sci.coadd_s00008053.fits,60255,,,,,,,,,,0.0,84.4654414140864,-4.463923530279965,62.22136369881503,NGC2024,84.4654414140864,-4.463923530279965,-151.55159092085634,-18.38942609363396
1028XX,1028775,60270,8054,900.0,1,0,0,1.2.0,0,tile_id=1028775,2023-11-22T06:06:43.306,84.88756404760143,-4.480326568437203,62.20016800034832,1.101,-67.68,36.32,65.2613,1971.74465,90.6848,70.85949883257688,-56.127997876656025,1.2804472311949524,1.134,-53.0,35.75,WHAM_south_08,61.8302,52.8485,1142.49302,78.8471,85.80032757091254,-1.2741346270298328,0.5937027410295893,1.133,-35.12,36.69,grid125,61.967,3.3332,2071.65298,91.8625,353.82485,-4.75403,113.1,0.6972,-35.5177,4.1315,lvmSFrame-00008054.fits,sdsswork/lvm/spectro/redux/1.2.0/1028XX/1028775/60270/lvmSFrame-00008054.fits,sdsswork/data/agcam/lco/60270/coadds/lvm.sci.coadd_s00008054.fits,60255,,,,,,,,,,0.0,84.88756404760143,-4.480326568437203,62.20016800034832,NGC2024,84.88756404760143,-4.480326568437203,-151.33431373560413,-18.02231260586491
1028XX,1028836,60270,8055,900.0,1,0,0,1.2.0,0,tile_id=1028836,2023-11-22T06:23:05.771,85.53466062693072,-4.140042792890625,62.141183071714956,1.102,-64.64,36.32,65.111,1740.26882,91.2202,70.85946969242048,-56.12800794262113,1.2928022471662686,1.144,-50.75,35.75,WHAM_south_08,60.8883,53.2952,1044.42684,78.8348,85.80032353845995,-1.2741263546855435,0.5974733744653751,1.13,-31.64,36.69,grid125,62.2468,2.8782,1822.71143,91.7219,353.96802,-4.67392,113.25,0.6984,-33.6911,0.6365,lvmSFrame-00008055.fits,sdsswork/lvm/spectro/redux/1.2.0/1028XX/1028836/60270/lvmSFrame-00008055.fits,sdsswork/data/agcam/lco/60270/coadds/lvm.sci.coadd_s00008055.fits,60255,,,,,,,,,,0.0,85.53466062693072,-4.140042792890625,62.141183071714956,NGC2024,85.53466062693072,-4.140042792890625,-151.34343722936296,-17.292871040796868
1028XX,1028866,60270,8056,900.0,1,0,0,1.2.0,0,tile_id=1028866,2023-11-22T06:39:42.258,85.75941546153399,-3.7835385068239664,62.13102975600858,1.108,-61.22,36.32,64.4472,1509.6965,91.3303,85.80031539830783,-1.2741239566170124,0.8422993358343357,1.133,-28.4,35.75,grid125,61.9694,2.5097,1570.29826,91.575,70.85953839951092,-56.12801121846621,0.9696726084084597,1.158,-48.31,36.69,WHAM_south_08,59.6793,53.6857,935.71557,78.8201,354.11742,-4.59281,113.41,0.6997,-31.6242,-2.8954,lvmSFrame-00008056.fits,sdsswork/lvm/spectro/redux/1.2.0/1028XX/1028866/60270/lvmSFrame-00008056.fits,sdsswork/data/agcam/lco/60270/coadds/lvm.sci.coadd_s00008056.fits,60255,,,,,,,,,,0.0,85.75941546153399,-3.7835385068239664,62.13102975600858,NGC2024,85.75941546153399,-3.7835385068239664,-151.56804306610752,-16.930533278033998
1028XX,1028896,60270,8057,900.0,1,0,0,1.2.0,0,tile_id=1028896,2023-11-22T06:56:49.959,85.98401030490722,-3.426978341159885,62.12007122725724,1.12,-57.77,36.32,63.2298,1272.13814,91.4304,70.85948907475105,-56.12800611760851,1.3241791123332372,1.176,-46.27,35.75,WHAM_south_08,58.1984,54.0766,816.60969,78.8023,85.80032281031086,-1.2741144409583867,0.631301380130836,1.142,-24.74,36.69,grid125,61.109,2.1607,1315.16052,91.4191,354.27589,-4.50935,113.58,0.701,-29.2901,-6.5202,lvmSFrame-00008057.fits,sdsswork/lvm/spectro/redux/1.2.0/1028XX/1028896/60270/lvmSFrame-00008057.fits,sdsswork/data/agcam/lco/60270/coadds/lvm.sci.coadd_s00008057.fits,60255,,,,,,,,,,0.0,85.98401030490722,-3.426978341159885,62.12007122725724,NGC2024,85.98401030490722,-3.426978341159885,-151.791771634886,-16.56793004108062
1028XX,1028925,60270,8058,900.0,1,0,0,1.2.0,0,tile_id=1028925,2023-11-22T07:13:40.835,86.20847894701905,-3.0704168177115454,62.1061041914437,1.137,-54.53,36.32,61.5562,1044.83875,91.5276,85.80031755645663,-1.2741470277682558,0.91678494571628,1.157,-21.67,35.75,grid125,59.742,1.842,1074.54378,91.2615,70.8594889813828,-56.127989816977625,1.0291588458400887,1.198,-43.92,36.69,WHAM_south_08,56.5442,54.4677,695.61798,78.7823,354.43606,-4.42745,113.74,0.7024,-26.8156,-10.064,lvmSFrame-00008058.fits,sdsswork/lvm/spectro/redux/1.2.0/1028XX/1028925/60270/lvmSFrame-00008058.fits,sdsswork/data/agcam/lco/60270/coadds/lvm.sci.coadd_s00008058.fits,60255,,,,,,,,,,0.0,86.20847894701905,-3.0704168177115454,62.1061041914437,NGC2024,86.20847894701905,-3.0704168177115454,-152.01459207129813,-16.20507596692902
1028XX,1028953,60270,8059,900.0,1,0,0,1.2.0,0,tile_id=1028953,2023-11-22T07:30:07.070,86.23594725744387,-2.341691485735716,62.16324523543152,1.165,-51.1,36.32,59.1198,839.96268,91.456,70.85948709482084,-56.127980328000156,1.3862724480747546,1.224,-42.09,35.75,WHAM_south_08,54.7721,55.1894,577.12036,78.7605,85.80031964388154,-1.2740932510003506,0.694643874089424,1.179,-18.39,36.69,grid125,57.9742,1.153,854.58966,91.1036,354.59635,-4.34776,113.91,0.7037,-24.2504,-13.4963,lvmSFrame-00008059.fits,sdsswork/lvm/spectro/redux/1.2.0/1028XX/1028953/60270/lvmSFrame-00008059.fits,sdsswork/data/agcam/lco/60270/coadds/lvm.sci.coadd_s00008059.fits,60255,,,,,,,,,,0.0,86.23594725744387,-2.341691485735716,62.16324523543152,NGC2024,86.23594725744387,-2.341691485735716,-152.67409223486422,-15.844521125222066
1028XX,1028806,60281,8704,900.0,1,0,0,1.2.0,0,tile_id=1028806,2023-12-03T03:57:16.080,85.30971520543837,-4.49652347217992,62.15378101731304,1.21,-86.36,36.03,55.7304,2889.42179,61.483,85.80025581583958,-1.2740578344574316,1.0875246469221904,1.253,-54.33,35.59,grid125,52.9512,3.2595,3220.34408,59.6584,70.85951906195116,-56.12799549521024,1.0036108927072775,1.134,-65.42,36.72,WHAM_south_08,61.895,52.9049,1268.50265,97.2247,142.61628,20.39177,248.15,0.6873,-38.2443,-3.5831,lvmSFrame-00008704.fits,sdsswork/lvm/spectro/redux/1.2.0/1028XX/1028806/60281/lvmSFrame-00008704.fits,sdsswork/data/agcam/lco/60281/coadds/lvm.sci.coadd_s00008704.fits,60255,,,,,,,,,,0.0,85.30971520543837,-4.49652347217992,62.15378101731304,NGC2024,85.30971520543837,-4.49652347217992,-151.11790251740126,-17.65496549031338
1028XX,1028837,60281,8711,900.0,1,0,0,1.2.0,0,tile_id=1028837,2023-12-03T06:04:20.259,85.73190080599313,-4.512486674505028,62.13586640572979,1.105,-59.91,36.03,64.7957,1980.07543,61.8218,85.80032388611535,-1.2741600410810159,1.0343640772961142,1.136,-26.8,35.59,grid125,61.6441,3.239,2128.15763,60.3937,70.85946575562335,-56.128002043383866,1.1073082274022181,1.166,-47.27,36.72,WHAM_south_08,59.0243,52.9636,1066.54289,97.4611,143.4865,20.15462,248.91,0.6811,-34.3246,20.1118,lvmSFrame-00008711.fits,sdsswork/lvm/spectro/redux/1.2.0/1028XX/1028837/60281/lvmSFrame-00008711.fits,sdsswork/data/agcam/lco/60281/coadds/lvm.sci.coadd_s00008711.fits,60255,,,,,,,,,,0.0,85.73190080599313,-4.512486674505028,62.13586640572979,NGC2024,85.73190080599313,-4.512486674505028,-150.90235672699424,-17.28737334065861
1028XX,1028867,60281,8712,900.0,1,0,0,1.2.0,0,tile_id=1028867,2023-12-03T06:20:37.325,85.95664299102043,-4.155880722966788,62.11172409354016,1.119,-56.79,36.03,63.3701,1776.29701,61.5416,70.85950751880746,-56.128024539602585,1.511458935513127,1.185,-45.37,35.59,WHAM_south_08,57.5285,53.3547,979.76568,97.4807,85.80033036664747,-1.274117080129556,0.7915247569637481,1.148,-23.35,36.72,grid125,60.5977,2.886,1892.12171,60.473,143.58214,20.12076,249.0,0.6804,-32.6499,22.8163,lvmSFrame-00008712.fits,sdsswork/lvm/spectro/redux/1.2.0/1028XX/1028867/60281/lvmSFrame-00008712.fits,sdsswork/data/agcam/lco/60281/coadds/lvm.sci.coadd_s00008712.fits,60255,,,,,,,,,,0.0,85.95664299102043,-4.155880722966788,62.11172409354016,NGC2024,85.95664299102043,-4.155880722966788,-151.1278701348336,-16.925527574012655
1028XX,1028954,60282,8763,900.0,1,0,0,1.2.0,0,tile_id=1028954,2023-12-04T03:07:16.007,86.43285638338627,-2.7138637431913093,62.088511547670514,1.405,-96.73,36.47,45.3863,2862.12342,69.0522,21.018534908040866,-22.926965158806755,1.076724289219283,1.107,-24.9,36.19,WHAM_south_02,64.5637,66.3467,1244.08924,135.0618,85.80031206372504,-1.274138567521397,1.0028647490305078,1.416,-64.24,37.1,grid125,44.9206,1.5724,3028.83296,69.2102,153.73546,15.97426,258.59,0.6002,-34.8224,-20.7214,lvmSFrame-00008763.fits,sdsswork/lvm/spectro/redux/1.2.0/1028XX/1028954/60282/lvmSFrame-00008763.fits,sdsswork/data/agcam/lco/60282/coadds/lvm.sci.coadd_s00008763.fits,60255,,,,,,,,,,0.0,86.43285638338627,-2.7138637431913093,62.088511547670514,NGC2024,86.43285638338627,-2.7138637431913093,-152.23651432452584,-15.841964136606963
1028XX,1028981,60282,8764,900.0,1,0,0,1.2.0,0,tile_id=1028981,2023-12-04T03:25:49.417,86.46038077720169,-1.9852586797343539,62.1242980715553,1.338,-92.59,36.47,48.3407,3047.30264,68.9441,85.80024783309368,-1.27402407639559,1.2045731960332795,1.339,-60.4,36.19,grid125,48.3145,0.9702,3128.41683,69.3559,21.018520097305988,-22.927035951861914,0.8438160292951004,1.149,-22.12,37.1,WHAM_south_02,60.5193,66.6686,1359.52981,135.1955,153.89465,15.92934,258.73,0.599,-36.3263,-16.8122,lvmSFrame-00008764.fits,sdsswork/lvm/spectro/redux/1.2.0/1028XX/1028981/60282/lvmSFrame-00008764.fits,sdsswork/data/agcam/lco/60282/coadds/lvm.sci.coadd_s00008764.fits,60255,,,,,,,,,,0.0,86.46038077720169,-1.9852586797343539,62.1242980715553,NGC2024,86.46038077720169,-1.9852586797343539,-152.89422733841275,-15.480631744469873
1028XX,1028980,60282,8765,900.0,1,0,0,1.2.0,0,tile_id=1028980,2023-12-04T03:42:40.598,86.26379162093411,-1.6130556648013086,62.11558009778737,1.284,-88.59,36.47,51.163,3136.39002,69.1449,85.80028480863919,-1.2740756252386183,1.1630385636697205,1.283,-56.69,36.19,grid125,51.2199,0.5741,3175.70825,69.4842,70.85951511122315,-56.127976489044315,1.0260906703567196,1.14,-67.06,37.1,WHAM_south_08,61.3261,55.9112,1219.97381,99.4163,154.03484,15.8886,258.86,0.5979,-37.3999,-13.276,lvmSFrame-00008765.fits,sdsswork/lvm/spectro/redux/1.2.0/1028XX/1028980/60282/lvmSFrame-00008765.fits,sdsswork/data/agcam/lco/60282/coadds/lvm.sci.coadd_s00008765.fits,60255,,,,,,,,,,0.0,86.26379162093411,-1.6130556648013086,62.11558009778737,NGC2024,86.26379162093411,-1.6130556648013086,-153.33095636353562,-15.481663546614243
1028XX,1028979,60282,8766,900.0,1,0,0,1.2.0,0,tile_id=1028979,2023-12-04T03:59:47.660,86.06737502027651,-1.2408446213632207,62.166490680383944,1.24,-84.6,36.47,53.7649,3184.58324,69.3457,85.80028246152291,-1.2740810197514423,1.1136283415358297,1.237,-52.9,36.19,grid125,53.9536,0.2691,3181.81764,69.6104,70.85948859302117,-56.12799298407547,1.0333287124412098,1.131,-64.43,37.1,WHAM_south_08,62.1825,56.2427,1263.24403,99.4565,154.17291,15.84719,258.99,0.5968,-38.1869,-9.7016,lvmSFrame-00008766.fits,sdsswork/lvm/spectro/redux/1.2.0/1028XX/1028979/60282/lvmSFrame-00008766.fits,sdsswork/data/agcam/lco/60282/coadds/lvm.sci.coadd_s00008766.fits,60255,,,,,,,,,,0.0,86.06737502027651,-1.2408446213632207,62.166490680383944,NGC2024,86.06737502027651,-1.2408446213632207,-153.76762911263492,-15.48175516037322
1028XX,1028978,60282,8767,900.0,1,0,0,1.2.0,0,tile_id=1028978,2023-12-04T04:16:58.736,85.87113229757054,-0.8685221796856929,62.16768950146673,1.206,-80.5,36.47,56.0416,3189.92675,69.5448,85.8002910706057,-1.2740886485355796,1.080436532562113,1.2,-49.08,36.19,grid125,56.4225,0.4117,3146.30246,69.733,70.85948321693596,-56.127994995831585,1.058019817280755,1.125,-61.84,37.1,WHAM_south_08,62.7255,56.5751,1289.52225,99.4945,154.3071,15.8055,259.11,0.5958,-38.6553,-6.1347,lvmSFrame-00008767.fits,sdsswork/lvm/spectro/redux/1.2.0/1028XX/1028978/60282/lvmSFrame-00008767.fits,sdsswork/data/agcam/lco/60282/coadds/lvm.sci.coadd_s00008767.fits,60255,,,,,,,,,,0.0,85.87113229757054,-0.8685221796856929,62.16768950146673,NGC2024,85.87113229757054,-0.8685221796856929,-154.20433146030686,-15.480840499101134
1028XX,1028897,60282,8769,900.0,1,0,0,1.2.0,0,tile_id=1028897,2023-12-04T04:50:08.667,86.18119769785781,-3.7992660829137637,62.08768011953633,1.129,-74.52,36.47,62.3641,2750.33742,70.364,70.85953731120226,-56.128007548995996,1.4653278619398318,1.124,-57.16,36.19,WHAM_south_08,62.8107,53.7461,1289.81546,99.5605,85.8003325727672,-1.2741377796038094,0.7871515392564149,1.153,-41.52,37.1,grid125,60.155,2.5536,2966.23835,69.9578,154.55353,15.72443,259.34,0.5938,-38.6203,0.6717,lvmSFrame-00008769.fits,sdsswork/lvm/spectro/redux/1.2.0/1028XX/1028897/60282/lvmSFrame-00008769.fits,sdsswork/data/agcam/lco/60282/coadds/lvm.sci.coadd_s00008769.fits,60255,,,,,,,,,,0.0,86.18119769785781,-3.7992660829137637,62.08768011953633,NGC2024,86.18119769785781,-3.7992660829137637,-151.35245960814822,-16.563446708396395
1028XX,1028926,60282,8770,900.0,1,0,0,1.2.0,0,tile_id=1028926,2023-12-04T05:07:10.821,86.40563179412804,-3.4425865714184765,62.09326636157573,1.119,-70.91,36.47,63.3543,2645.1642,70.1471,85.80028885549198,-1.2741120087138489,1.0270342948445872,1.139,-38.0,36.19,grid125,61.4009,2.2512,2821.56647,70.0673,70.85948262131015,-56.12801233848039,1.0986455034017326,1.129,-54.52,37.1,WHAM_south_08,62.3581,54.1378,1264.13908,99.5908,154.67373,15.68231,259.45,0.5929,-38.1221,4.1187,lvmSFrame-00008770.fits,sdsswork/lvm/spectro/redux/1.2.0/1028XX/1028926/60282/lvmSFrame-00008770.fits,sdsswork/data/agcam/lco/60282/coadds/lvm.sci.coadd_s00008770.fits,60255,,,,,,,,,,0.0,86.40563179412804,-3.4425865714184765,62.09326636157573,NGC2024,86.40563179412804,-3.4425865714184765,-151.57618142155584,-16.201065474218492
1028XX,1028955,60282,8771,900.0,1,0,0,1.2.0,0,tile_id=1028955,2023-12-04T05:24:01.158,86.62992008698595,-3.085939617993854,62.065892688816,1.114,-67.31,36.47,63.8045,2506.31879,69.926,70.8595405811775,-56.128019163504995,1.4647971201818144,1.137,-52.38,36.19,WHAM_south_08,61.5979,54.5298,1222.13999,99.618,85.80036154429634,-1.274114002628912,0.7809554646459749,1.131,-34.16,37.1,grid125,62.0982,1.9924,2648.07806,70.1714,154.78834,15.64025,259.56,0.5919,-37.3195,7.4853,lvmSFrame-00008771.fits,sdsswork/lvm/spectro/redux/1.2.0/1028XX/1028955/60282/lvmSFrame-00008771.fits,sdsswork/data/agcam/lco/60282/coadds/lvm.sci.coadd_s00008771.fits,60255,,,,,,,,,,0.0,86.62992008698595,-3.085939617993854,62.065892688816,NGC2024,86.62992008698595,-3.085939617993854,-151.79899294811037,-15.838470461081027
1028XX,1028982,60282,8772,900.0,1,0,0,1.2.0,0,tile_id=1028982,2023-12-04T05:40:15.295,86.65718797845426,-2.357315608714129,-1.226702449453197,1.119,-32.0,36.47,63.3318,2369.36197,69.7733,85.80030148724936,-1.2741185738783232,1.0397268599615448,1.13,-30.94,36.19,grid125,62.2293,1.3809,2455.87654,70.2682,70.85952117377775,-56.128021315118424,1.1360238226229622,1.148,-49.95,37.1,WHAM_south_08,60.5948,55.2508,1166.85156,99.6418,154.89498,15.59925,259.66,0.5911,-36.2667,10.6872,lvmSFrame-00008772.fits,sdsswork/lvm/spectro/redux/1.2.0/1028XX/1028982/60282/lvmSFrame-00008772.fits,sdsswork/data/agcam/lco/60282/coadds/lvm.sci.coadd_s00008772.fits,60255,,,,,,,,,,0.0,86.65718797845426,-2.357315608714129,-1.226702449453197,NGC2024,86.65718797845426,-2.357315608714129,-152.45755536025248,-15.478572212766366
1029XX,1029007,60282,8779,900.0,1,0,0,1.2.0,0,tile_id=1029007,2023-12-04T08:02:42.466,86.48823398769474,-1.2567902715403338,62.167923699168256,1.394,-37.41,35.78,45.8253,484.13556,70.314,85.8002890534917,-1.2741852864356449,1.4148978506546066,1.406,-5.73,35.31,grid125,45.3258,0.688,488.02891,70.978,70.8594671404574,-56.12801255958901,1.388096182485543,1.421,-32.82,36.35,WHAM_south_08,44.7278,56.302,326.39117,99.7499,155.68595,15.21086,260.41,0.5847,-18.0407,35.5019,lvmSFrame-00008779.fits,sdsswork/lvm/spectro/redux/1.2.0/1029XX/1029007/60282/lvmSFrame-00008779.fits,sdsswork/data/agcam/lco/60282/coadds/lvm.sci.coadd_s00008779.fits,60255,,,,,,,,,,0.0,86.48823398769474,-1.2567902715403338,62.167923699168256,NGC2024,86.48823398769474,-1.2567902715403338,-153.5493444746385,-15.117115802929531
1028XX,1028898,60282,8780,900.0,1,0,0,1.2.0,0,tile_id=1028898,2023-12-04T08:19:01.643,86.3786170818109,-4.171428689249703,62.10089906607306,1.427,-37.13,35.78,44.4741,317.6576,71.3422,70.85933997224119,-56.12796369891633,1.7524819395874434,1.48,-31.35,35.31,WHAM_south_08,42.4995,53.4166,234.13785,99.7516,85.80030022171547,-1.2741065949925863,1.2140389265300895,1.487,-3.33,36.35,grid125,42.2218,2.9543,329.55793,71.0461,155.76298,15.16222,260.48,0.584,-15.2335,37.7251,lvmSFrame-00008780.fits,sdsswork/lvm/spectro/redux/1.2.0/1028XX/1028898/60282/lvmSFrame-00008780.fits,sdsswork/data/agcam/lco/60282/coadds/lvm.sci.coadd_s00008780.fits,60255,,,,,,,,,,0.0,86.3786170818109,-4.171428689249703,62.10089906607306,NGC2024,86.3786170818109,-4.171428689249703,-150.9132153924318,-16.55795165183148
1028XX,1028956,60284,8879,900.0,1,0,0,1.2.0,0,tile_id=1028956,2023-12-06T04:42:54.507,86.8272103972359,-3.457991436756655,62.02974078435043,1.134,-74.79,36.26,61.8598,2785.57786,89.5715,85.800283456328,-1.2740876720520857,1.053363847334608,1.152,-41.59,35.86,grid125,60.2098,2.4129,2989.03337,90.3941,70.85954608094836,-56.12802652944736,0.9728517631037168,1.124,-56.86,36.67,WHAM_south_08,62.7997,54.2013,1277.8583,102.7859,176.07959,5.22419,280.86,0.4071,-38.4847,-12.6322,lvmSFrame-00008879.fits,sdsswork/lvm/spectro/redux/1.2.0/1028XX/1028956/60284/lvmSFrame-00008879.fits,sdsswork/data/agcam/lco/60284/coadds/lvm.sci.coadd_s00008879.fits,60255,,,,,,,,,,0.0,86.8272103972359,-3.457991436756655,62.02974078435043,NGC2024,86.8272103972359,-3.457991436756655,-151.3614350806709,-15.8340266592954
1028XX,1028984,60284,8880,900.0,1,0,0,1.2.0,0,tile_id=1028984,2023-12-06T04:59:42.245,87.05134286859983,-3.101237829454233,62.04109932731529,1.124,-71.17,36.26,62.8776,2704.97905,89.4446,70.85954082586639,-56.12802696863856,1.4558027024314462,1.129,-54.68,35.86,WHAM_south_08,62.3438,54.594,1261.15506,102.8089,85.80034189017913,-1.2741073990761989,0.6808181077605074,1.139,-37.7,36.67,grid125,61.4232,2.2138,2873.80017,90.5248,176.21223,5.16442,281.0,0.406,-38.1484,-9.0378,lvmSFrame-00008880.fits,sdsswork/lvm/spectro/redux/1.2.0/1028XX/1028984/60284/lvmSFrame-00008880.fits,sdsswork/data/agcam/lco/60284/coadds/lvm.sci.coadd_s00008880.fits,60255,,,,,,,,,,0.0,87.05134286859983,-3.101237829454233,62.04109932731529,NGC2024,87.05134286859983,-3.101237829454233,-151.58424333449668,-15.471653278885546
1029XX,1029010,60284,8882,900.0,1,0,0,1.2.0,0,tile_id=1029010,2023-12-06T05:21:29.212,87.07830630915223,-2.3727480968050583,62.082871037396664,1.12,-66.25,35.51,63.2004,2568.50073,89.5137,70.85951687923819,-56.12800406939964,1.500882358206458,1.14,-51.64,35.1,WHAM_south_08,61.2963,55.3143,1214.87815,102.8352,85.80033575391819,-1.2741118577207755,0.6788299773339171,1.13,-33.03,36.17,grid125,62.2009,1.6848,2674.68517,90.6885,176.37828,5.08674,281.16,0.4045,-37.2518,-4.3735,lvmSFrame-00008882.fits,sdsswork/lvm/spectro/redux/1.2.0/1029XX/1029010/60284/lvmSFrame-00008882.fits,sdsswork/data/agcam/lco/60284/coadds/lvm.sci.coadd_s00008882.fits,60255,,,,,,,,,,0.0,87.07830630915223,-2.3727480968050583,62.082871037396664,NGC2024,87.07830630915223,-2.3727480968050583,-152.2419054376295,-15.112500692123177
1028XX,1028927,60345,11937,900.0,1,0,0,1.2.0,0,tile_id=1028927,2024-02-05T01:56:16.381,86.60299472768212,-3.8147009719452445,62.097657354835356,1.112,-59.7,36.63,64.1143,861.65203,145.9727,85.80034747111127,-1.274153659894806,0.956563224887722,1.138,-26.08,36.28,grid125,61.459,2.6641,871.09103,148.5654,70.85951574114463,-56.12801082899679,0.8996965656089225,1.17,-46.8,37.01,WHAM_south_08,58.7069,53.8088,617.06649,98.5897,248.38006,-25.25497,295.06,0.2893,-27.2873,-30.8555,lvmSFrame-00011937.fits,sdsswork/lvm/spectro/redux/1.2.0/1028XX/1028927/60345/lvmSFrame-00011937.fits,sdsswork/data/agcam/lco/60345/coadds/lvm.sci.coadd_s00011937.fits,60339,,,,,,,,,,0.0,86.60299472768212,-3.8147009719452445,62.097657354835356,NGC2024,86.60299472768212,-3.8147009719452445,-151.13777764047188,-16.19609986548241
1056XX,1056242,60349,12183,900.0,1,0,0,1.2.0,0,tile_id=1056242,2024-02-09T08:29:26.796,196.3587504992012,-49.471084282775266,-0.10133984846625405,1.068,-56.82,36.09,69.3999,485.64989,91.3098,197.88163720864844,-46.59727975671564,1.3767311066038428,1.05,-56.07,35.69,grid295,72.1735,3.0487,488.09955,92.1319,185.38306889087102,4.415925806900952,0.6604070910655863,1.215,-20.27,36.69,grid272,55.3689,54.7231,676.62892,129.1344,315.86078,-21.24411,351.28,0.0058,-22.5504,-13.8935,lvmSFrame-00012183.fits,sdsswork/lvm/spectro/redux/1.2.0/1056XX/1056242/60349/lvmSFrame-00012183.fits,sdsswork/data/agcam/lco/60349/coadds/lvm.sci.coadd_s00012183.fits,60339,,,,,,,,,,0.0,196.3587504992012,-49.471084282775266,-0.10133984846625405,NGC4945,196.3587504992012,-49.471084282775266,-54.73191240937672,13.337161773586235
1056XX,1056243,60381,14114,900.0,1,0,0,1.2.0,0,tile_id=1056243,2024-03-12T08:52:58.377,197.00561238574562,-49.4688545801886,-0.5813458682760396,1.205,-36.38,35.93,56.0733,689.87489,139.1236,225.1408777837259,19.28210196515144,1.1390859030378289,1.516,-13.53,35.64,grid333,41.2439,73.1456,781.14963,141.943,197.8816296097276,-46.59727696216675,1.1475427349971936,1.183,-34.98,36.48,grid295,57.7079,2.9307,700.40057,142.0157,18.87877,8.62256,28.75,0.0619,-24.1298,-52.3324,lvmSFrame-00014114.fits,sdsswork/lvm/spectro/redux/1.2.0/1056XX/1056243/60381/lvmSFrame-00014114.fits,sdsswork/data/agcam/lco/60381/coadds/lvm.sci.coadd_s00014114.fits,60380,,,,,,,,,,0.0,197.00561238574562,-49.4688545801886,-0.5813458682760396,NGC4945,197.00561238574562,-49.4688545801886,-54.30058615950554,13.313755269859056
1056XX,1056245,60405,15660,900.0,1,0,0,1.2.0,3,tile_id=1056245,2024-04-05T02:31:07.027,196.67912463027005,-49.10218922490542,-0.32869017167994646,1.206,-79.31,36.25,55.9926,3970.09932,101.5939,185.38302234343962,4.415971110764614,1.1600182053712156,1.323,-51.69,36.04,grid272,49.1088,54.4141,18633.89986,141.6373,197.88165246486122,-46.597278998619515,0.9980572990068062,1.204,-78.8,36.86,grid295,56.1222,2.6316,4241.17234,102.6818,328.27931,-16.57606,309.22,0.1846,-50.9733,-42.979,lvmSFrame-00015660.fits,sdsswork/lvm/spectro/redux/1.2.0/1056XX/1056245/60405/lvmSFrame-00015660.fits,sdsswork/data/agcam/lco/60405/coadds/lvm.sci.coadd_s00015660.fits,60402,,,,,,,,,,0.0,196.67912463027005,-49.10218922490542,-0.32869017167994646,NGC4945,196.67912463027005,-49.10218922490542,-54.49518962876539,13.693216858968691
1050XX,1050249,60409,15922,900.0,1,0,0,1.2.0,0,tile_id=1050249,2024-04-09T07:45:18.649,270.64456419228765,-22.937543222356492,-60.56513194106548,1.106,-32.94,35.93,64.7549,1657.44712,117.4226,269.63117011759095,-26.136679288474706,1.4685951553224674,1.09,-63.34,35.5,grid392,66.5381,3.3293,1672.97739,118.392,302.00790285510374,-47.17226171567368,1.1863582300856435,1.505,86.06,36.47,WHAM_south_07,41.611,34.8755,1258.05622,94.426,25.59059,11.92248,8.51,0.0055,-42.5047,-51.0093,lvmSFrame-00015922.fits,sdsswork/lvm/spectro/redux/1.2.0/1050XX/1050249/60409/lvmSFrame-00015922.fits,sdsswork/data/agcam/lco/60409/coadds/lvm.sci.coadd_s00015922.fits,60402,,,,,,,,,,0.0,270.64456419228765,-22.937543222356492,-60.56513194106548,NGC6514,270.64456419228765,-22.937543222356492,7.101754629059713,-0.2461162321214373
1056XX,1056244,60493,20486,900.0,1,0,0,1.2.0,0,tile_id=1056244,2024-07-01T23:22:15.500,196.0371518122765,-49.106221392611886,0.16046940103701532,1.067,-53.82,35.91,69.5462,322.48129,142.956,185.38304570946573,4.415882323705924,0.9480003675848054,1.238,-16.65,35.53,grid272,53.8424,54.3198,277.64961,132.4048,197.88170172133636,-46.59732933590123,0.815758846298765,1.05,-52.94,36.39,grid295,72.2053,2.7974,323.13799,145.481,46.42814,21.0088,309.53,0.1825,-18.2737,-64.8712,lvmSFrame-00020486.fits,sdsswork/lvm/spectro/redux/1.2.0/1056XX/1056244/60493/lvmSFrame-00020486.fits,sdsswork/data/agcam/lco/60493/coadds/lvm.sci.coadd_s00020486.fits,60465,,,,,,,,,,0.0,196.0371518122765,-49.106221392611886,0.16046940103701532,NGC4945,196.0371518122765,-49.106221392611886,-54.92734732666395,13.712686354315295
1056XX,1056241,60494,20573,900.0,1,0,0,1.2.0,0,tile_id=1056241,2024-07-02T23:21:24.601,195.71193299448944,-49.46980597750992,0.4160685756659257,1.071,-53.41,35.95,69.0499,312.03933,137.6535,197.88170410444852,-46.59732869879582,1.2533023971952992,1.051,-52.68,35.38,grid295,72.1388,3.2178,312.75295,139.9213,185.38305744886893,4.4158464211055035,0.5362860130829484,1.243,-15.84,36.6,grid272,53.5465,54.6269,269.03126,118.9163,60.5453,25.02302,322.06,0.1062,-18.0241,-54.5299,lvmSFrame-00020573.fits,sdsswork/lvm/spectro/redux/1.2.0/1056XX/1056241/60494/lvmSFrame-00020573.fits,sdsswork/data/agcam/lco/60494/coadds/lvm.sci.coadd_s00020573.fits,60465,,,,,,,,,,0.0,195.71193299448944,-49.46980597750992,0.4160685756659257,NGC4945,195.71193299448944,-49.46980597750992,-55.16328843632306,13.359738505557626
1056XX,1056240,60499,20980,900.0,1,0,0,1.2.0,0,tile_id=1056240,2024-07-07T23:29:13.914,196.68523820026604,-49.835233798337875,-0.3586709526292473,1.083,-49.86,35.62,67.4494,352.98264,91.6535,185.38303964105634,4.415860297544973,1.0359332490074271,1.297,-10.91,35.31,grid272,50.3902,55.1267,297.18499,53.8641,197.8816889835439,-46.59733406896319,0.8113451437698134,1.059,-48.37,36.07,grid295,70.7057,3.3345,352.04111,90.5328,132.82658,22.42637,23.54,0.0418,-19.2825,1.5501,lvmSFrame-00020980.fits,sdsswork/lvm/spectro/redux/1.2.0/1056XX/1056240/60499/lvmSFrame-00020980.fits,sdsswork/data/agcam/lco/60499/coadds/lvm.sci.coadd_s00020980.fits,60465,,,,,,,,,,0.0,196.68523820026604,-49.835233798337875,-0.3586709526292473,NGC4945,196.68523820026604,-49.835233798337875,-54.53705091382636,12.961294114924378
1056XX,1056239,60528,22929,900.0,1,0,0,1.2.0,0,tile_id=1056239,2024-08-06T00:00:56.445,196.03347812713457,-49.835686196528926,0.07697562460970955,1.339,-31.31,35.17,48.2831,449.41991,74.3438,302.00798632719165,-47.172281810230615,1.4507902520076457,1.488,86.47,34.89,WHAM_south_07,42.2006,63.9091,921.97214,138.0973,197.8816030042368,-46.59731784056224,0.8987201335898076,1.303,-29.66,35.53,grid295,50.09,3.4643,447.48832,72.8771,153.36939,14.36443,16.74,0.0213,-23.4894,-7.594,lvmSFrame-00022929.fits,sdsswork/lvm/spectro/redux/1.2.0/1056XX/1056239/60528/lvmSFrame-00022929.fits,sdsswork/data/agcam/lco/60528/coadds/lvm.sci.coadd_s00022929.fits,60524,,,,,,,,,,0.0,196.03347812713457,-49.835686196528926,0.07697562460970955,NGC4945,196.03347812713457,-49.835686196528926,-54.96779022416678,12.984279752053082
1028XX,1028742,60624,29377,900.0,1,0,0,1.2.0,0,tile_id=1028742,2024-11-10T07:43:21.533,84.07240603467778,-3.7184341571988573,2.2292809970170455,1.125,-26.06,35.58,62.7149,731.75078,108.5048,70.85951245148318,-56.128010712918375,1.6100536703265613,1.179,-45.98,35.24,WHAM_south_08,57.9848,53.4667,552.91618,82.9777,85.8003322706167,-1.2741431134902834,0.7977438168830645,1.144,-24.29,36.28,grid125,60.9521,2.9924,735.13996,110.7943,334.11685,-12.94728,103.26,0.6159,-23.6846,-19.0974,lvmSFrame-00029377.fits,sdsswork/lvm/spectro/redux/1.2.0/1028XX/1028742/60624/lvmSFrame-00029377.fits,sdsswork/data/agcam/lco/60624/coadds/lvm.sci.coadd_s00029377.fits,60607,,,,,,,,,,0.0,84.07240603467778,-3.7184341571988573,2.2292809970170455,NGC2024,84.07240603467778,-3.7184341571988573,-152.43918941253912,-18.396507993360945
1042XX,1042928,60629,29625,900.0,1,0,0,1.2.0,0,tile_id=1042928,2024-11-15T06:57:43.456,99.26843575463944,4.0510335638296375,2.610527070258166,1.216,-40.96,35.56,55.3052,1208.59876,59.3667,70.85948962336518,-56.12802520490316,1.5425921606387583,1.152,-49.39,35.21,WHAM_south_08,60.186,64.5108,861.1783,80.3404,97.58103801972409,-9.63110014217238,0.7924549574258598,1.073,-43.2,36.07,grid142,68.7666,13.7851,1078.13858,63.5342,40.45422,19.99568,170.25,0.9928,-30.1234,22.6436,lvmSFrame-00029625.fits,sdsswork/lvm/spectro/redux/1.2.0/1042XX/1042928/60629/lvmSFrame-00029625.fits,sdsswork/data/agcam/lco/60629/coadds/lvm.sci.coadd_s00029625.fits,60607,,,,,,,,,,0.0,99.26843575463944,4.0510335638296375,2.610527070258166,NGC2237,99.26843575463944,4.0510335638296375,-152.31148846807687,-1.3403679545465579
1039XX,1039350,60638,30171,900.0,1,0,0,1.2.0,0,tile_id=1039350,2024-11-24T04:26:09.341,96.70592695742243,3.435711438015217,2.410510098238402,1.508,-65.13,35.68,41.5287,3422.06239,70.1186,100.17871333049388,8.96710570907656,1.5041231556588022,1.735,-65.73,35.44,grid146,35.1732,6.5197,3880.80144,66.0813,70.85954334659327,-56.12805121197706,1.038384923409315,1.136,-65.97,36.38,WHAM_south_08,61.7218,63.1968,1402.64835,100.2533,167.09935,8.17317,282.91,0.3896,-40.3448,-19.553,lvmSFrame-00030171.fits,sdsswork/lvm/spectro/redux/1.2.0/1039XX/1039350/60638/lvmSFrame-00030171.fits,sdsswork/data/agcam/lco/60638/coadds/lvm.sci.coadd_s00030171.fits,60636,,,,,,,,,,0.0,96.70592695742243,3.435711438015217,2.410510098238402,NGC2237,96.70592695742243,3.435711438015217,-152.94330730618591,-3.893546065295079
1039XX,1039863,60638,30172,900.0,1,0,0,1.2.0,0,tile_id=1039863,2024-11-24T04:42:23.674,97.32136075937986,3.0446504882509355,2.508893607525656,1.434,-62.2,35.63,44.2202,3154.56364,69.6951,100.17872524304414,8.967080049474308,1.4508146344305675,1.626,-62.05,35.44,grid146,37.9286,6.5683,3603.37559,66.2207,70.85949294412993,-56.127998565798585,1.051796981323359,1.128,-63.49,36.38,WHAM_south_08,62.4208,62.9902,1397.44535,100.2836,167.23496,8.11838,283.05,0.3884,-40.2514,-16.0862,lvmSFrame-00030172.fits,sdsswork/lvm/spectro/redux/1.2.0/1039XX/1039863/60638/lvmSFrame-00030172.fits,sdsswork/data/agcam/lco/60638/coadds/lvm.sci.coadd_s00030172.fits,60636,,,,,,,,,,0.0,97.32136075937986,3.0446504882509355,2.508893607525656,NGC2237,97.32136075937986,3.0446504882509355,-152.31154859381604,-3.528812782034784
1039XX,1039349,60638,30173,900.0,1,0,0,1.2.0,0,tile_id=1039349,2024-11-24T04:58:34.186,96.51129851370206,3.8083091675926504,2.376862951390247,1.371,-57.59,35.63,46.8237,3033.93901,70.5298,70.859550738934,-56.12808786099883,1.54938880133949,1.124,-61.27,35.42,WHAM_south_08,62.8273,63.5029,1375.57184,100.3117,100.17873802005948,8.967114922626852,1.01808628809063,1.538,-58.09,36.38,grid146,40.5187,6.3157,3321.61686,66.3559,167.36635,8.0638,283.18,0.3873,-39.8538,-12.6303,lvmSFrame-00030173.fits,sdsswork/lvm/spectro/redux/1.2.0/1039XX/1039349/60638/lvmSFrame-00030173.fits,sdsswork/data/agcam/lco/60638/coadds/lvm.sci.coadd_s00030173.fits,60636,,,,,,,,,,0.0,96.51129851370206,3.8083091675926504,2.376862951390247,NGC2237,96.51129851370206,3.8083091675926504,-153.36446741375875,-3.8935484849166992
1039XX,1039862,60638,30174,900.0,1,0,0,1.2.0,0,tile_id=1039862,2024-11-24T05:16:21.472,97.12722605701447,3.4176432662611407,2.4521992304671816,1.316,-54.23,35.63,49.4441,2728.03224,70.1091,100.17870564931846,8.96707928841586,1.3558409770364288,1.462,-54.1,35.29,grid146,43.1576,6.3239,3007.54574,66.5005,70.8595074260909,-56.128049666184175,1.0668648104263885,1.123,-58.43,36.27,WHAM_south_08,62.9245,63.2948,1332.82102,100.3401,167.5065,8.00373,283.32,0.3861,-39.0742,-8.8307,lvmSFrame-00030174.fits,sdsswork/lvm/spectro/redux/1.2.0/1039XX/1039862/60638/lvmSFrame-00030174.fits,sdsswork/data/agcam/lco/60638/coadds/lvm.sci.coadd_s00030174.fits,60636,,,,,,,,,,0.0,97.12722605701447,3.4176432662611407,2.4521992304671816,NGC2237,97.12722605701447,3.4176432662611407,-152.73269461514045,-3.5288358194929823
1040XX,1040375,60638,30175,900.0,1,0,0,1.2.0,0,tile_id=1040375,2024-11-24T05:32:30.154,97.74253764419143,3.0259791948102994,2.542973342365056,1.275,-51.25,35.63,51.6664,2451.41626,69.6722,100.17875533445235,8.967078520243223,1.302169764792439,1.406,-50.24,35.27,grid146,45.3305,6.4157,2720.79398,66.6278,70.85949331282879,-56.12800623385033,1.0923069544902193,1.125,-56.09,36.27,WHAM_south_08,62.6918,63.0903,1277.89606,100.3637,167.62972,7.94913,283.44,0.3851,-38.0693,-5.3866,lvmSFrame-00030175.fits,sdsswork/lvm/spectro/redux/1.2.0/1040XX/1040375/60638/lvmSFrame-00030175.fits,sdsswork/data/agcam/lco/60638/coadds/lvm.sci.coadd_s00030175.fits,60636,,,,,,,,,,0.0,97.74253764419143,3.0259791948102994,2.542973342365056,NGC2237,97.74253764419143,3.0259791948102994,-152.10093304349252,-3.1640750725629045
1040XX,1040887,60638,30176,900.0,1,0,0,1.2.0,0,tile_id=1040887,2024-11-24T05:48:44.168,98.16371927149918,3.007017052917752,2.5789643278594334,1.244,-47.94,35.63,53.4891,2201.77808,69.3766,100.17876383454936,8.967074784529276,1.2674485913164837,1.361,-46.31,35.24,grid146,47.2678,6.2877,2433.15861,66.7521,70.85948735225449,-56.12800434722826,1.1022359111327227,1.131,-53.79,36.27,WHAM_south_08,62.1583,63.1918,1208.33475,100.3851,167.74978,7.89411,283.56,0.3841,-36.7906,-1.9312,lvmSFrame-00030176.fits,sdsswork/lvm/spectro/redux/1.2.0/1040XX/1040887/60638/lvmSFrame-00030176.fits,sdsswork/data/agcam/lco/60638/coadds/lvm.sci.coadd_s00030176.fits,60636,,,,,,,,,,0.0,98.16371927149918,3.007017052917752,2.5789643278594334,NGC2237,98.16371927149918,3.007017052917752,-151.89034331215927,-2.799336277533216
1040XX,1040374,60638,30177,900.0,1,0,0,1.2.0,0,tile_id=1040374,2024-11-24T06:05:02.081,97.54858970910887,3.3992437621398515,2.512596830671875,1.219,-43.45,35.63,55.0643,1991.45002,70.0528,70.85949645089156,-56.12806877113792,1.6012356466944684,1.14,-51.74,35.24,WHAM_south_08,61.3386,63.3941,1125.47813,100.4043,100.17878222776962,8.96709130127424,0.8138332342507271,1.326,-42.13,36.27,grid146,48.9274,6.1509,2147.61778,66.8731,167.86644,7.83873,283.67,0.3831,-35.2549,1.5265,lvmSFrame-00030177.fits,sdsswork/lvm/spectro/redux/1.2.0/1040XX/1040374/60638/lvmSFrame-00030177.fits,sdsswork/data/agcam/lco/60638/coadds/lvm.sci.coadd_s00030177.fits,60636,,,,,,,,,,0.0,97.54858970910887,3.3992437621398515,2.512596830671875,NGC2237,97.54858970910887,3.3992437621398515,-152.52207947565904,-3.164074459225678
1041XX,1041398,60638,30178,900.0,1,0,0,1.2.0,0,tile_id=1041398,2024-11-24T06:22:49.250,98.5849134988458,2.9877488622458626,2.608859895966737,1.198,-40.52,35.47,56.5534,1691.49498,69.1996,70.85949973306609,-56.12802072189078,1.6432169188288437,1.153,-49.33,35.22,WHAM_south_08,60.1494,63.2946,1022.27254,100.4226,100.17880535657424,8.967068067317669,0.7792781080962929,1.298,-37.8,36.15,grid146,50.3697,6.1857,1843.03501,67.0009,167.98932,7.77807,283.8,0.382,-33.3157,5.2821,lvmSFrame-00030178.fits,sdsswork/lvm/spectro/redux/1.2.0/1041XX/1041398/60638/lvmSFrame-00030178.fits,sdsswork/data/agcam/lco/60638/coadds/lvm.sci.coadd_s00030178.fits,60636,,,,,,,,,,0.0,98.5849134988458,2.9877488622458626,2.608859895966737,NGC2237,98.5849134988458,2.9877488622458626,-151.67974420394026,-2.4346015921469624
1040XX,1040886,60638,30179,900.0,1,0,0,1.2.0,0,tile_id=1040886,2024-11-24T06:39:02.396,97.96992795960148,3.380538287154415,2.5505532705926437,1.189,-36.09,35.42,57.1913,1477.3065,69.868,100.17876954817832,8.967078312643034,1.2077880777393082,1.281,-34.08,35.2,grid146,51.3135,6.0023,1574.92126,67.1136,70.85948042498997,-56.128038280700736,1.1531341709383225,1.169,-46.97,36.11,WHAM_south_08,58.8285,63.4947,918.77769,100.4369,168.09737,7.72253,283.91,0.3811,-31.3303,8.6861,lvmSFrame-00030179.fits,sdsswork/lvm/spectro/redux/1.2.0/1040XX/1040886/60638/lvmSFrame-00030179.fits,sdsswork/data/agcam/lco/60638/coadds/lvm.sci.coadd_s00030179.fits,60636,,,,,,,,,,0.0,97.96992795960148,3.380538287154415,2.5505532705926437,NGC2237,97.96992795960148,3.380538287154415,-152.31150784555746,-2.799335063108579
1041XX,1041397,60638,30180,900.0,1,0,0,1.2.0,0,tile_id=1041397,2024-11-24T06:55:14.047,98.39127862805879,3.361493880519514,2.608262048115235,1.184,-32.87,35.42,57.5912,1240.94871,69.5567,100.17878300996232,8.96705670477901,1.2109513761003745,1.271,-30.19,35.17,grid146,51.8749,5.8803,1319.61754,67.2224,70.85945207584322,-56.12801355458198,1.1810804351721986,1.188,-44.88,36.09,WHAM_south_08,57.3159,63.5966,808.97093,100.4488,168.2015,7.66682,284.01,0.3802,-29.1623,12.0602,lvmSFrame-00030180.fits,sdsswork/lvm/spectro/redux/1.2.0/1041XX/1041397/60638/lvmSFrame-00030180.fits,sdsswork/data/agcam/lco/60638/coadds/lvm.sci.coadd_s00030180.fits,60636,,,,,,,,,,0.0,98.39127862805879,3.361493880519514,2.608262048115235,NGC2237,98.39127862805879,3.361493880519514,-152.1009149111101,-2.434604418138769
1041XX,1041908,60638,30181,900.0,1,0,0,1.2.0,0,tile_id=1041908,2024-11-24T07:11:25.683,98.81264074829366,3.3421732151785464,2.6426219135074183,1.184,-29.7,35.4,57.6175,1018.28167,69.2417,100.17878256911476,8.967066958126814,1.224269653070232,1.268,-26.36,35.14,grid146,52.0386,5.7864,1079.89631,67.3277,70.85943341480179,-56.12800168776004,1.2017746236672864,1.211,-42.85,36.09,WHAM_south_08,55.6387,63.6999,695.36345,100.4585,168.30195,7.61083,284.11,0.3794,-26.8281,15.4042,lvmSFrame-00030181.fits,sdsswork/lvm/spectro/redux/1.2.0/1041XX/1041908/60638/lvmSFrame-00030181.fits,sdsswork/data/agcam/lco/60638/coadds/lvm.sci.coadd_s00030181.fits,60636,,,,,,,,,,0.0,98.81264074829366,3.3421732151785464,2.6426219135074183,NGC2237,98.81264074829366,3.3421732151785464,-151.89033876163373,-2.0698596959366076
1039XX,1039348,60639,30197,900.0,1,0,0,1.2.0,0,tile_id=1039348,2024-11-25T04:04:49.539,96.31628311348818,4.180778372749127,2.3366449285747364,1.619,-68.5,36.21,38.1401,3789.38241,80.9045,70.85958576777851,-56.128061789351904,1.3770862494191083,1.147,-68.88,35.83,WHAM_south_08,60.6755,63.8095,1370.25643,101.3649,100.17872312939993,8.96715463237576,1.0850272974006239,1.882,-69.38,36.67,grid146,32.0743,6.1338,4262.45105,76.9514,177.38419,2.67201,293.5,0.3018,-39.7964,-29.4738,lvmSFrame-00030197.fits,sdsswork/lvm/spectro/redux/1.2.0/1039XX/1039348/60639/lvmSFrame-00030197.fits,sdsswork/data/agcam/lco/60639/coadds/lvm.sci.coadd_s00030197.fits,60636,,,,,,,,,,0.0,96.31628311348818,4.180778372749127,2.3366449285747364,NGC2237,96.31628311348818,4.180778372749127,-153.78565333561582,-3.8935734301444223
1039XX,1039347,60639,30198,900.0,1,0,0,1.2.0,0,tile_id=1039347,2024-11-25T04:21:29.840,96.12094067083379,4.5530936245461415,2.305229574440478,1.524,-64.57,36.09,41.0184,3638.11446,81.239,100.17873036404688,8.967090943378171,1.3504611555577186,1.741,-65.89,35.69,grid146,35.0466,5.976,3984.62111,77.1079,70.8595799451801,-56.128089000394816,0.9033569300415142,1.136,-66.08,36.59,WHAM_south_08,61.6839,64.1167,1387.82006,101.3933,177.53312,2.60921,293.65,0.3006,-40.1159,-26.0155,lvmSFrame-00030198.fits,sdsswork/lvm/spectro/redux/1.2.0/1039XX/1039347/60639/lvmSFrame-00030198.fits,sdsswork/data/agcam/lco/60639/coadds/lvm.sci.coadd_s00030198.fits,60636,,,,,,,,,,0.0,96.12094067083379,4.5530936245461415,2.305229574440478,NGC2237,96.12094067083379,4.5530936245461415,-154.20681101502313,-3.893562695750359
1039XX,1039861,60639,30199,900.0,1,0,0,1.2.0,0,tile_id=1039861,2024-11-25T04:37:56.992,96.93277495616111,3.7905662132898637,2.420085336874667,1.443,-61.84,35.99,43.8477,3301.94994,80.603,100.1787306195009,8.967059974253647,1.2931574847549336,1.629,-62.16,35.69,grid146,37.8438,6.0988,3703.0,77.259,70.8595374950145,-56.12801626335227,0.9192834101368407,1.128,-63.56,36.49,WHAM_south_08,62.4029,63.6,1387.82074,101.4194,177.67673,2.54719,293.8,0.2994,-40.1147,-22.5709,lvmSFrame-00030199.fits,sdsswork/lvm/spectro/redux/1.2.0/1039XX/1039861/60639/lvmSFrame-00030199.fits,sdsswork/data/agcam/lco/60639/coadds/lvm.sci.coadd_s00030199.fits,60636,,,,,,,,,,0.0,96.93277495616111,3.7905662132898637,2.420085336874667,NGC2237,96.93277495616111,3.7905662132898637,-153.15388970975812,-3.528829216409521
1039XX,1039860,60639,30200,900.0,1,0,0,1.2.0,0,tile_id=1039860,2024-11-25T04:55:21.987,96.73800520407391,4.1633309351499594,2.3663731531854513,1.378,-57.62,36.11,46.5185,3106.2314,80.9367,70.85949518678974,-56.12806744502545,1.3812338640302013,1.124,-61.16,35.84,WHAM_south_08,62.8385,63.9058,1369.08514,101.4449,100.17872432437987,8.967155944641506,0.8856487866599455,1.535,-57.92,36.64,grid146,40.6312,5.8952,3398.42497,77.4153,177.82496,2.48149,293.95,0.2982,-39.7711,-18.8967,lvmSFrame-00030200.fits,sdsswork/lvm/spectro/redux/1.2.0/1039XX/1039860/60639/lvmSFrame-00030200.fits,sdsswork/data/agcam/lco/60639/coadds/lvm.sci.coadd_s00030200.fits,60636,,,,,,,,,,0.0,96.73800520407391,4.1633309351499594,2.3663731531854513,NGC2237,96.73800520407391,4.1633309351499594,-153.575052603085,-3.528818844645656
1040XX,1040373,60639,30201,900.0,1,0,0,1.2.0,0,tile_id=1040373,2024-11-25T05:11:37.082,97.35430812789336,3.772428380680033,2.4868959222091593,1.327,-54.62,36.05,48.9067,2818.63392,80.4729,100.17866936023893,8.967114040285718,1.1916500012194173,1.465,-54.3,35.78,grid146,43.043,5.9041,3109.94171,77.5576,70.85953983688687,-56.12808732755998,0.931490406960268,1.123,-58.55,36.54,WHAM_south_08,62.928,63.6985,1334.60346,101.4665,177.95964,2.42012,294.08,0.2971,-39.139,-15.4477,lvmSFrame-00030201.fits,sdsswork/lvm/spectro/redux/1.2.0/1040XX/1040373/60639/lvmSFrame-00030201.fits,sdsswork/data/agcam/lco/60639/coadds/lvm.sci.coadd_s00030201.fits,60636,,,,,,,,,,0.0,97.35430812789336,3.772428380680033,2.4868959222091593,NGC2237,97.35430812789336,3.772428380680033,-152.94327394705758,-3.164084636482017
1040XX,1040885,60639,30202,900.0,1,0,0,1.2.0,0,tile_id=1040885,2024-11-25T05:27:56.965,97.77585060390263,3.7539629324095327,2.530985962199947,1.287,-51.27,36.02,50.947,2563.99221,80.1881,70.85950570675465,-56.12807792756834,1.4111983404760278,1.125,-56.39,35.73,WHAM_south_08,62.7062,63.7982,1284.12715,101.4862,100.17873819286747,8.967146570380653,0.7793673411198926,1.408,-50.18,36.48,grid146,45.2511,5.7338,2817.85357,77.6969,178.09136,2.35838,294.22,0.296,-38.2123,-11.9663,lvmSFrame-00030202.fits,sdsswork/lvm/spectro/redux/1.2.0/1040XX/1040885/60639/lvmSFrame-00030202.fits,sdsswork/data/agcam/lco/60639/coadds/lvm.sci.coadd_s00030202.fits,60636,,,,,,,,,,0.0,97.77585060390263,3.7539629324095327,2.530985962199947,NGC2237,97.77585060390263,3.7539629324095327,-152.73268374402062,-2.79933064582913
1040XX,1040372,60639,30203,900.0,1,0,0,1.2.0,0,tile_id=1040372,2024-11-25T05:43:56.151,97.15974010577285,4.145464272012413,2.445865281966988,1.255,-46.85,35.99,52.8209,2363.42974,80.9197,100.17871245244712,8.967104823130445,1.1088533045018174,1.363,-46.52,35.67,grid146,47.171,5.6779,2531.94441,77.8299,70.8595267508106,-56.128083720097855,0.960022391214121,1.131,-53.92,36.44,WHAM_south_08,62.194,64.0034,1220.33643,101.5034,178.21671,2.29785,294.34,0.295,-37.0369,-8.5474,lvmSFrame-00030203.fits,sdsswork/lvm/spectro/redux/1.2.0/1040XX/1040372/60639/lvmSFrame-00030203.fits,sdsswork/data/agcam/lco/60639/coadds/lvm.sci.coadd_s00030203.fits,60636,,,,,,,,,,0.0,97.15974010577285,4.145464272012413,2.445865281966988,NGC2237,97.15974010577285,4.145464272012413,-153.36442983134287,-3.16407858857689
1041XX,1041396,60639,30204,900.0,1,0,0,1.2.0,0,tile_id=1041396,2024-11-25T06:01:28.657,98.19738113897927,3.735145782313929,2.5622111886028947,1.227,-43.95,35.84,54.5509,2046.96145,80.0339,70.85950490727271,-56.12807252775001,1.4461640675716285,1.14,-51.69,35.61,WHAM_south_08,61.3165,63.8992,1135.49421,101.5198,100.17878525534123,8.967137575667074,0.6840235395286618,1.325,-42.04,36.48,grid146,48.9619,5.5901,2221.06198,77.9717,178.35011,2.23133,294.48,0.2939,-35.4625,-4.7873,lvmSFrame-00030204.fits,sdsswork/lvm/spectro/redux/1.2.0/1041XX/1041396/60639/lvmSFrame-00030204.fits,sdsswork/data/agcam/lco/60639/coadds/lvm.sci.coadd_s00030204.fits,60636,,,,,,,,,,0.0,98.19738113897927,3.735145782313929,2.5622111886028947,NGC2237,98.19738113897927,3.735145782313929,-152.52208937541366,-2.434602223337259
1042XX,1042418,60639,30206,900.0,1,0,0,1.2.0,0,tile_id=1042418,2024-11-25T06:34:18.192,99.04047079565163,3.6966168557100034,2.6562611089416768,1.197,-37.24,35.82,56.6643,1537.90434,79.4385,100.17878772514682,8.967063185850831,1.0374340696934605,1.281,-34.27,35.52,grid146,51.2755,5.3904,1659.31514,78.2255,70.85949742217998,-56.128025410062776,1.0192883774538393,1.168,-47.08,36.44,WHAM_south_08,58.8989,64.1053,942.43863,101.5438,178.58794,2.10648,294.73,0.292,-31.8024,2.2573,lvmSFrame-00030206.fits,sdsswork/lvm/spectro/redux/1.2.0/1042XX/1042418/60639/lvmSFrame-00030206.fits,sdsswork/data/agcam/lco/60639/coadds/lvm.sci.coadd_s00030206.fits,60636,,,,,,,,,,0.0,99.04047079565163,3.6966168557100034,2.6562611089416768,NGC2237,99.04047079565163,3.6966168557100034,-152.10092874285547,-1.7051115919976407
1041XX,1041395,60639,30207,900.0,1,0,0,1.2.0,0,tile_id=1041395,2024-11-25T06:50:34.327,98.00320335630748,4.108681881460714,2.505717476025386,1.194,-32.39,35.79,56.8542,1328.69363,80.5785,70.85948077812064,-56.12805772769579,1.514615581102112,1.187,-45.19,35.47,WHAM_south_08,57.3878,64.2024,834.62328,101.5523,100.17880231049055,8.967075905916207,0.6178688647272474,1.271,-30.15,36.46,grid146,51.858,5.3172,1396.94863,78.3456,178.70008,2.04441,294.84,0.2911,-29.6862,5.7456,lvmSFrame-00030207.fits,sdsswork/lvm/spectro/redux/1.2.0/1041XX/1041395/60639/lvmSFrame-00030207.fits,sdsswork/data/agcam/lco/60639/coadds/lvm.sci.coadd_s00030207.fits,60636,,,,,,,,,,0.0,98.00320335630748,4.108681881460714,2.505717476025386,NGC2237,98.00320335630748,4.108681881460714,-152.94325178949796,-2.4346042358923308
1039XX,1039859,60651,30758,900.0,1,0,0,1.2.0,0,tile_id=1039859,2024-12-07T03:41:29.003,96.54286284274284,4.535971363064415,2.3486413829742725,1.495,-63.33,35.71,41.9826,3907.0278,127.749,70.85955212690702,-56.12806638126239,1.4937915556924264,1.132,-65.19,35.32,WHAM_south_08,62.0314,64.2122,1179.0426,84.0586,100.17873900592116,8.96712814821938,1.1086638840256442,1.689,-64.07,36.45,grid146,36.2827,5.7153,4854.45725,132.3327,328.60293,-15.19985,70.37,0.3331,-36.7946,5.4278,lvmSFrame-00030758.fits,sdsswork/lvm/spectro/redux/1.2.0/1039XX/1039859/60651/lvmSFrame-00030758.fits,sdsswork/data/agcam/lco/60651/coadds/lvm.sci.coadd_s00030758.fits,60636,,,,,,,,,,0.0,96.54286284274284,4.535971363064415,2.3486413829742725,NGC2237,96.54286284274284,4.535971363064415,-153.99623463749137,-3.5288197708490188
1039XX,1039858,60651,30759,900.0,1,0,0,1.2.0,0,tile_id=1039858,2024-12-07T03:57:38.463,96.34737564466722,4.908445852376347,2.2972182775428864,1.426,-59.41,35.71,44.5201,3879.63424,127.5252,70.85952908153706,-56.128012881513335,1.5141261204808711,1.126,-62.74,35.28,WHAM_south_08,62.6149,64.5191,1222.36828,84.0445,100.17876903776337,8.967058795712292,1.051598544776023,1.589,-60.37,36.45,grid146,38.9664,5.5616,4622.37374,132.1906,328.75251,-15.12219,70.52,0.3344,-37.5862,2.0969,lvmSFrame-00030759.fits,sdsswork/lvm/spectro/redux/1.2.0/1039XX/1039858/60651/lvmSFrame-00030759.fits,sdsswork/data/agcam/lco/60651/coadds/lvm.sci.coadd_s00030759.fits,60636,,,,,,,,,,0.0,96.34737564466722,4.908445852376347,2.2972182775428864,NGC2237,96.34737564466722,4.908445852376347,-154.41738223537007,-3.528809678937795
1040XX,1040371,60651,30760,900.0,1,0,0,1.2.0,0,tile_id=1040371,2024-12-07T04:15:17.683,96.96482713518964,4.518405091544747,2.371076617378162,1.363,-56.09,35.73,47.1838,3657.02638,127.8617,70.85952047127023,-56.128011217860944,1.51833843612686,1.123,-60.11,35.36,WHAM_south_08,62.9147,64.3089,1252.84669,84.0264,100.17876705554359,8.96707150883317,0.9785861244464595,1.502,-56.25,36.16,grid146,41.7104,5.4747,4352.56652,132.0307,328.9205,-15.03751,70.69,0.3358,-38.1306,-1.506,lvmSFrame-00030760.fits,sdsswork/lvm/spectro/redux/1.2.0/1040XX/1040371/60651/lvmSFrame-00030760.fits,sdsswork/data/agcam/lco/60651/coadds/lvm.sci.coadd_s00030760.fits,60636,,,,,,,,,,0.0,96.96482713518964,4.518405091544747,2.371076617378162,NGC2237,96.96482713518964,4.518405091544747,-153.78561801300887,-3.164066366958777
1040XX,1040884,60651,30761,900.0,1,0,0,1.2.0,0,tile_id=1040884,2024-12-07T04:31:26.974,97.581462942684,4.127267172382988,2.444909291168373,1.315,-53.09,35.73,49.4801,3430.33825,128.2049,70.85951913807472,-56.12799935182194,1.5306020577277337,1.123,-57.74,35.36,WHAM_south_08,62.8698,64.1022,1264.71036,84.0074,100.17878516473613,8.967056965433537,0.923084443741357,1.438,-52.42,36.16,grid146,44.0194,5.4843,4090.88919,131.8801,329.07833,-14.96025,70.84,0.3371,-38.3268,-4.7653,lvmSFrame-00030761.fits,sdsswork/lvm/spectro/redux/1.2.0/1040XX/1040884/60651/lvmSFrame-00030761.fits,sdsswork/data/agcam/lco/60651/coadds/lvm.sci.coadd_s00030761.fits,60636,,,,,,,,,,0.0,97.581462942684,4.127267172382988,2.444909291168373,NGC2237,97.581462942684,4.127267172382988,-153.15385725382123,-2.7993385766520285
1041XX,1041907,60651,30762,900.0,1,0,0,1.2.0,0,tile_id=1041907,2024-12-07T04:47:37.334,98.61893538758518,3.7160451416175633,2.560072045726289,1.279,-50.5,35.73,51.4323,3176.37585,128.9408,70.85949597610669,-56.12799687966334,1.5460327475057078,1.127,-55.41,35.32,WHAM_south_08,62.5205,64.0016,1260.99206,83.986,100.17879092578902,8.967067795417107,0.8752441615815905,1.387,-48.52,36.14,grid146,46.1055,5.4749,3815.62678,131.7254,329.2402,-14.8832,71.01,0.3384,-38.2304,-7.9873,lvmSFrame-00030762.fits,sdsswork/lvm/spectro/redux/1.2.0/1041XX/1041907/60651/lvmSFrame-00030762.fits,sdsswork/data/agcam/lco/60651/coadds/lvm.sci.coadd_s00030762.fits,60636,,,,,,,,,,0.0,98.61893538758518,3.7160451416175633,2.560072045726289,NGC2237,98.61893538758518,3.7160451416175633,-152.31151697035781,-2.0698414866527814
1040XX,1040883,60651,30763,900.0,1,0,0,1.2.0,0,tile_id=1040883,2024-12-07T05:03:53.428,97.38677335682237,4.500437263500543,2.3770731686115156,1.249,-45.26,35.69,53.151,3098.99276,127.8191,70.85952882727182,-56.12800368643352,1.5603403425894806,1.134,-53.13,35.32,WHAM_south_08,61.8744,64.4069,1241.57909,83.962,100.17879334204734,8.967074474759494,0.8244147125076403,1.346,-44.58,36.12,grid146,47.9418,5.2569,3526.80468,131.5659,329.40683,-14.80605,71.17,0.3398,-37.8398,-11.182,lvmSFrame-00030763.fits,sdsswork/lvm/spectro/redux/1.2.0/1040XX/1040883/60651/lvmSFrame-00030763.fits,sdsswork/data/agcam/lco/60651/coadds/lvm.sci.coadd_s00030763.fits,60636,,,,,,,,,,0.0,97.38677335682237,4.500437263500543,2.3770731686115156,NGC2237,97.38677335682237,4.500437263500543,-153.57500854605013,-2.79934083722399
1041XX,1041906,60651,30764,900.0,1,0,0,1.2.0,0,tile_id=1041906,2024-12-07T05:21:32.039,98.42493855096632,4.089791157445782,2.5666387332591403,1.224,-42.34,35.67,54.7731,2786.06532,128.5391,70.8595067235536,-56.12801243112248,1.5702959872209563,1.145,-50.7,35.19,WHAM_south_08,60.8642,64.3039,1203.20965,83.9333,100.17878589138728,8.967076153893046,0.790640949804627,1.313,-40.28,36.25,grid146,49.5944,5.179,3202.51363,131.3886,329.59172,-14.72285,71.36,0.3413,-37.0907,-14.5869,lvmSFrame-00030764.fits,sdsswork/lvm/spectro/redux/1.2.0/1041XX/1041906/60651/lvmSFrame-00030764.fits,sdsswork/data/agcam/lco/60651/coadds/lvm.sci.coadd_s00030764.fits,60636,,,,,,,,,,0.0,98.42493855096632,4.089791157445782,2.5666387332591403,NGC2237,98.42493855096632,4.089791157445782,-152.73267935051766,-2.069862627059454
1042XX,1042417,60651,30765,900.0,1,0,0,1.2.0,0,tile_id=1042417,2024-12-07T05:37:48.110,98.8466899386933,4.070565897556266,2.5290915698961665,1.208,-39.01,35.67,55.8386,2536.86792,128.7806,100.1787808192017,8.967070202160963,1.1612274887936695,1.291,-36.53,35.19,grid146,50.7677,5.0721,2896.22372,131.2213,70.85949232320999,-56.128040310920625,1.1207668857393596,1.158,-48.31,36.25,WHAM_south_08,59.6768,64.4067,1152.62966,83.9043,329.76593,-14.64663,71.53,0.3427,-36.1121,-17.664,lvmSFrame-00030765.fits,sdsswork/lvm/spectro/redux/1.2.0/1042XX/1042417/60651/lvmSFrame-00030765.fits,sdsswork/data/agcam/lco/60651/coadds/lvm.sci.coadd_s00030765.fits,60636,,,,,,,,,,0.0,98.8466899386933,4.070565897556266,2.5290915698961665,NGC2237,98.8466899386933,4.070565897556266,-152.52208614680092,-1.7051132803478652
1043XX,1043877,60651,30767,900.0,1,0,0,1.2.0,0,tile_id=1043877,2024-12-07T06:10:14.500,99.91846576039032,4.385562331438483,2.6945185940662455,1.198,-32.51,35.63,56.5729,2027.56312,129.568,100.17879189680252,8.967069160715948,1.1659079701922863,1.269,-28.74,35.17,grid146,51.9844,4.5888,2278.20097,130.8774,70.85945215628333,-56.12800852422855,1.1841114605582954,1.196,-44.11,36.21,WHAM_south_08,56.699,65.0223,1012.74855,83.8394,330.12339,-14.49623,71.88,0.3457,-33.3978,-23.5877,lvmSFrame-00030767.fits,sdsswork/lvm/spectro/redux/1.2.0/1043XX/1043877/60651/lvmSFrame-00030767.fits,sdsswork/data/agcam/lco/60651/coadds/lvm.sci.coadd_s00030767.fits,60636,,,,,,,,,,0.0,99.91846576039032,4.385562331438483,2.6945185940662455,NGC2237,99.91846576039032,4.385562331438483,-152.31151664125534,-0.6108742383474388
1039XX,1039857,60652,30813,900.0,1,0,0,1.2.0,0,tile_id=1039857,2024-12-08T03:42:37.760,96.15147895847586,5.280804307776061,2.2512545248401867,1.478,-61.61,35.68,42.5555,4026.4782,115.2754,100.17873290480078,8.967107075199724,1.4115102452228265,1.655,-63.13,35.29,grid146,37.1422,5.4362,4839.97604,119.6757,70.85953329645355,-56.12805488053824,1.0168300140420816,1.13,-64.2,36.14,WHAM_south_08,62.2455,64.8267,1173.59687,82.0434,341.356,-9.26357,83.1,0.4412,-36.7326,12.5234,lvmSFrame-00030813.fits,sdsswork/lvm/spectro/redux/1.2.0/1039XX/1039857/60652/lvmSFrame-00030813.fits,sdsswork/data/agcam/lco/60652/coadds/lvm.sci.coadd_s00030813.fits,60636,,,,,,,,,,0.0,96.15147895847586,5.280804307776061,2.2512545248401867,NGC2237,96.15147895847586,5.280804307776061,-154.83856584997795,-3.528805387623437
1040XX,1040370,60652,30814,900.0,1,0,0,1.2.0,0,tile_id=1040370,2024-12-08T04:00:15.258,96.76955560831193,4.891212453856686,2.3207210713768167,1.406,-58.29,35.47,45.305,3833.54462,115.6869,100.17873914065679,8.967068184552277,1.3533616727779698,1.555,-59.06,35.17,grid146,40.0083,5.2973,4594.46621,119.5248,70.85951074127314,-56.12799696573321,1.0298060242521847,1.125,-61.54,35.92,WHAM_south_08,62.768,64.6151,1219.32601,82.0346,341.5015,-9.17641,83.25,0.4425,-37.5675,8.7577,lvmSFrame-00030814.fits,sdsswork/lvm/spectro/redux/1.2.0/1040XX/1040370/60652/lvmSFrame-00030814.fits,sdsswork/data/agcam/lco/60652/coadds/lvm.sci.coadd_s00030814.fits,60636,,,,,,,,,,0.0,96.76955560831193,4.891212453856686,2.3207210713768167,NGC2237,96.76955560831193,4.891212453856686,-154.20680690836852,-3.164060654311813
1041XX,1041394,60652,30816,900.0,1,0,0,1.2.0,0,tile_id=1041394,2024-12-08T04:32:53.128,97.808727,4.482143,2.54,1.309,-51.91,35.45,49.7886,3459.15696,116.3765,70.8595,-56.128,0.0,1.124,-56.96,35.17,WHAM_south_08,62.7871,64.5063,1257.17946,82.0112,100.1788,8.967066,0.0,1.42,-51.13,35.92,grid146,44.7384,5.0648,4090.20411,119.2329,341.78348,-9.0152,83.55,0.4451,-38.2239,1.831,lvmSFrame-00030816.fits,sdsswork/lvm/spectro/redux/1.2.0/1041XX/1041394/60652/lvmSFrame-00030816.fits,sdsswork/data/agcam/lco/60652/coadds/lvm.sci.coadd_s00030816.fits,60636,,,,,,,,,,0.0,97.808727,4.482143,2.54,NGC2237,97.808727,4.482143,-153.3644430417593,-2.4345908986428606
1040XX,1040882,60652,30817,900.0,1,0,0,1.2.0,0,tile_id=1040882,2024-12-08T04:49:11.230,97.19174448385019,4.873516504811529,2.383386785301687,1.273,-47.39,35.43,51.7515,3346.00101,115.6733,70.85949964834417,-56.128002581137125,1.5342710795706436,1.129,-54.64,35.15,WHAM_south_08,62.3343,64.7123,1252.51632,81.996,100.17876930160045,8.967074402068878,0.8220889942661866,1.372,-47.19,35.9,grid146,46.7571,5.0543,3815.34288,119.0809,341.93046,-8.93483,83.7,0.4464,-38.1077,-1.6006,lvmSFrame-00030817.fits,sdsswork/lvm/spectro/redux/1.2.0/1040XX/1040882/60652/lvmSFrame-00030817.fits,sdsswork/data/agcam/lco/60652/coadds/lvm.sci.coadd_s00030817.fits,60636,,,,,,,,,,0.0,97.19174448385019,4.873516504811529,2.383386785301687,NGC2237,97.19174448385019,4.873516504811529,-153.99618950281945,-2.7993334681325064
1041XX,1041905,60652,30818,900.0,1,0,0,1.2.0,0,tile_id=1041905,2024-12-08T05:06:52.657,98.23068350370357,4.463455517883206,2.51814542597106,1.243,-44.44,35.33,53.5352,3041.81532,116.4818,70.85951090718065,-56.128009216139915,1.5459697591372454,1.138,-52.17,34.99,WHAM_south_08,61.5148,64.6069,1229.70682,81.9767,100.17875877971838,8.967088552098039,0.7799242819103472,1.332,-42.89,36.18,grid146,48.6343,4.9014,3502.12546,118.9114,342.09451,-8.8478,83.87,0.4479,-37.6482,-5.2972,lvmSFrame-00030818.fits,sdsswork/lvm/spectro/redux/1.2.0/1041XX/1041905/60652/lvmSFrame-00030818.fits,sdsswork/data/agcam/lco/60652/coadds/lvm.sci.coadd_s00030818.fits,60636,,,,,,,,,,0.0,98.23068350370357,4.463455517883206,2.51814542597106,NGC2237,98.23068350370357,4.463455517883206,-153.15384617746497,-2.0698563830249816
1042XX,1042416,60652,30819,900.0,1,0,0,1.2.0,0,tile_id=1042416,2024-12-08T05:23:01.720,98.652655635248,4.444448976527367,2.5520615562755147,1.223,-41.11,35.33,54.7937,2804.36211,116.7434,70.85949570020203,-56.128010994420286,1.5669130927152954,1.149,-49.97,34.99,WHAM_south_08,60.4938,64.7088,1193.18801,81.9566,100.17879098163364,8.967079738159184,0.7427699675896918,1.305,-38.96,36.16,grid146,50.0249,4.7697,3205.05649,118.7525,342.24837,-8.76857,84.03,0.4493,-36.933,-8.643,lvmSFrame-00030819.fits,sdsswork/lvm/spectro/redux/1.2.0/1042XX/1042416/60652/lvmSFrame-00030819.fits,sdsswork/data/agcam/lco/60652/coadds/lvm.sci.coadd_s00030819.fits,60636,,,,,,,,,,0.0,98.652655635248,4.444448976527367,2.5520615562755147,NGC2237,98.652655635248,4.444448976527367,-152.94325984642236,-1.705096817583689
1042XX,1042927,60652,30820,900.0,1,0,0,1.2.0,0,tile_id=1042927,2024-12-08T05:39:21.838,99.07459961008627,4.425115269882418,2.5877281526804863,1.209,-37.75,35.31,55.7529,2549.96523,116.9995,70.85943337648689,-56.12800059241146,1.5863849533390624,1.164,-47.79,34.99,WHAM_south_08,59.2258,64.812,1141.77273,81.9339,100.17879168426849,8.967071623165868,0.7223679477495458,1.285,-34.99,36.14,grid146,51.0821,4.6724,2896.83283,118.588,342.40786,-8.68867,84.2,0.4507,-35.9344,-11.9941,lvmSFrame-00030820.fits,sdsswork/lvm/spectro/redux/1.2.0/1042XX/1042927/60652/lvmSFrame-00030820.fits,sdsswork/data/agcam/lco/60652/coadds/lvm.sci.coadd_s00030820.fits,60636,,,,,,,,,,0.0,99.07459961008627,4.425115269882418,2.5877281526804863,NGC2237,99.07459961008627,4.425115269882418,-152.73267881840286,-1.3403597774572709
1043XX,1043438,60652,30821,900.0,1,0,0,1.2.0,0,tile_id=1043438,2024-12-08T05:55:49.277,99.49655794895322,4.405444943623927,2.6215920652037337,1.2,-34.4,35.31,56.3711,2284.04905,117.2507,100.1787823430942,8.967082070576822,1.1411317774060874,1.273,-31.23,34.99,grid146,51.7624,4.6117,2581.94145,118.4183,70.85948309754875,-56.128032437825645,1.1359885927053064,1.182,-45.45,36.17,WHAM_south_08,57.7403,64.9165,1076.32938,81.9087,342.5724,-8.60847,84.37,0.4522,-34.6636,-15.3317,lvmSFrame-00030821.fits,sdsswork/lvm/spectro/redux/1.2.0/1043XX/1043438/60652/lvmSFrame-00030821.fits,sdsswork/data/agcam/lco/60652/coadds/lvm.sci.coadd_s00030821.fits,60636,,,,,,,,,,0.0,99.49655794895322,4.405444943623927,2.6215920652037337,NGC2237,99.49655794895322,4.405444943623927,-152.52205706485816,-0.9756170441074989
1043XX,1043876,60652,30823,900.0,1,0,0,1.2.0,0,tile_id=1043876,2024-12-08T06:29:49.611,99.72482924360641,4.759864746638575,2.6605430073125653,1.206,-26.86,35.38,56.0045,1755.62709,117.171,70.85946850140775,-56.12802333036099,1.650898588968352,1.234,-41.42,34.91,WHAM_south_08,54.14,65.3223,904.20552,81.8491,100.17881399831964,8.967084711607699,0.7213941803074911,1.271,-23.05,35.97,grid146,51.8688,4.2313,1935.23261,118.0559,342.92414,-8.44378,84.73,0.4553,-31.2746,-22.0787,lvmSFrame-00030823.fits,sdsswork/lvm/spectro/redux/1.2.0/1043XX/1043876/60652/lvmSFrame-00030823.fits,sdsswork/data/agcam/lco/60652/coadds/lvm.sci.coadd_s00030823.fits,60636,,,,,,,,,,0.0,99.72482924360641,4.759864746638575,2.6605430073125653,NGC2237,99.72482924360641,4.759864746638575,-152.7326806343792,-0.6108777624621724
1040XX,1040369,60653,30868,900.0,1,0,0,1.2.0,0,tile_id=1040369,2024-12-09T03:40:35.220,96.57390664793135,5.263867801155434,2.3090184055886915,1.477,-61.61,35.7,42.6029,3998.26259,102.9177,100.17873357801776,8.967114756072622,1.3636387360128004,1.643,-62.69,35.42,grid146,37.4583,5.1483,4864.32039,106.5558,70.85954912307834,-56.12807260934857,0.957150559192808,1.129,-63.91,36.44,WHAM_south_08,62.3179,64.9219,1158.58182,80.505,353.84556,-2.75196,96.05,0.554,-36.4937,19.8704,lvmSFrame-00030868.fits,sdsswork/lvm/spectro/redux/1.2.0/1040XX/1040369/60653/lvmSFrame-00030868.fits,sdsswork/data/agcam/lco/60653/coadds/lvm.sci.coadd_s00030868.fits,60636,,,,,,,,,,0.0,96.57390664793135,5.263867801155434,2.3090184055886915,NGC2237,96.57390664793135,5.263867801155434,-154.62798499517444,-3.16406959246705
1040XX,1040368,60653,30870,900.0,1,0,0,1.2.0,0,tile_id=1040368,2024-12-09T04:14:31.216,96.37788524241535,5.636347957214406,2.2543482130696377,1.353,-53.54,35.57,47.6292,3851.77573,102.4637,70.85951539143593,-56.128019847584966,1.4779297027761187,1.123,-59.06,35.34,WHAM_south_08,62.9326,65.2291,1235.57358,80.501,100.17875626686237,8.967087995894195,0.8720403814398932,1.473,-54.58,36.27,grid146,42.7492,5.0302,4398.26527,106.2787,354.10139,-2.58835,96.33,0.5564,-37.8915,12.619,lvmSFrame-00030870.fits,sdsswork/lvm/spectro/redux/1.2.0/1040XX/1040368/60653/lvmSFrame-00030870.fits,sdsswork/data/agcam/lco/60653/coadds/lvm.sci.coadd_s00030870.fits,60636,,,,,,,,,,0.0,96.37788524241535,5.636347957214406,2.2543482130696377,NGC2237,96.37788524241535,5.636347957214406,-155.04912562319763,-3.1640823714202213
1041XX,1041393,60653,30871,900.0,1,0,0,1.2.0,0,tile_id=1041393,2024-12-09T04:30:45.499,97.61392602458402,4.8554582211853745,2.430675895237315,1.309,-51.2,35.57,49.8098,3541.7923,103.5404,100.17875387603887,8.96710109192686,1.2166443681882477,1.414,-50.9,35.32,grid146,44.9743,4.8359,4147.71228,106.14,70.85953291820272,-56.128058195201106,0.9897395884416973,1.125,-56.49,36.27,WHAM_south_08,62.7517,64.8108,1249.11908,80.4957,354.22996,-2.51018,96.47,0.5575,-38.1171,9.1395,lvmSFrame-00030871.fits,sdsswork/lvm/spectro/redux/1.2.0/1041XX/1041393/60653/lvmSFrame-00030871.fits,sdsswork/data/agcam/lco/60653/coadds/lvm.sci.coadd_s00030871.fits,60636,,,,,,,,,,0.0,97.61392602458402,4.8554582211853745,2.430675895237315,NGC2237,97.61392602458402,4.8554582211853745,-153.7856083332134,-2.4346009313879615
1040XX,1040881,60653,30872,900.0,1,0,0,1.2.0,0,tile_id=1040881,2024-12-09T04:47:06.728,96.99636107321302,5.2464474239123176,2.3552099101173547,1.274,-46.65,35.57,51.7053,3435.55437,102.7954,70.85949703613197,-56.12806580811372,1.487462573876668,1.13,-54.37,35.32,WHAM_south_08,62.2637,65.0182,1247.02035,80.488,100.1787696105012,8.967105592514343,0.771581524016708,1.368,-46.75,36.27,grid146,46.9702,4.8798,3878.46337,105.9963,354.36354,-2.43156,96.61,0.5588,-38.0473,5.6343,lvmSFrame-00030872.fits,sdsswork/lvm/spectro/redux/1.2.0/1040XX/1040881/60653/lvmSFrame-00030872.fits,sdsswork/data/agcam/lco/60653/coadds/lvm.sci.coadd_s00030872.fits,60636,,,,,,,,,,0.0,96.99636107321302,5.2464474239123176,2.3552099101173547,NGC2237,96.99636107321302,5.2464474239123176,-154.41735233209678,-2.7993393892119873
1041XX,1041904,60653,30873,900.0,1,0,0,1.2.0,0,tile_id=1041904,2024-12-09T05:03:19.932,98.03613404483747,4.837017448655785,2.4634822348977554,1.247,-44.03,35.55,53.2985,3149.22973,103.6794,100.1787720502264,8.96708697592626,1.150002245665014,1.331,-43.01,35.32,grid146,48.6713,4.6454,3596.38253,105.8497,70.85950030349264,-56.12804120266519,1.0203319741902523,1.138,-51.91,36.25,WHAM_south_08,61.4932,64.9105,1229.36868,80.4781,354.5001,-2.3537,96.75,0.56,-37.6849,2.1605,lvmSFrame-00030873.fits,sdsswork/lvm/spectro/redux/1.2.0/1041XX/1041904/60653/lvmSFrame-00030873.fits,sdsswork/data/agcam/lco/60653/coadds/lvm.sci.coadd_s00030873.fits,60636,,,,,,,,,,0.0,98.03613404483747,4.837017448655785,2.4634822348977554,NGC2237,98.03613404483747,4.837017448655785,-153.57501180813566,-2.0698473979544514
1042XX,1042415,60653,30874,900.0,1,0,0,1.2.0,0,tile_id=1042415,2024-12-09T05:20:56.057,98.4583213729573,4.818206011618613,2.535718142778322,1.226,-40.36,35.55,54.6264,2892.4917,103.9409,70.85949515392444,-56.1280649771477,1.5215520272472831,1.15,-49.72,35.21,WHAM_south_08,60.3623,65.0115,1193.07549,80.4647,100.17881362685752,8.967077751034617,0.6907875810722675,1.302,-38.51,36.19,grid146,50.1619,4.4866,3276.09694,105.6861,354.65289,-2.26936,96.91,0.5614,-36.9684,-1.6024,lvmSFrame-00030874.fits,sdsswork/lvm/spectro/redux/1.2.0/1042XX/1042415/60653/lvmSFrame-00030874.fits,sdsswork/data/agcam/lco/60653/coadds/lvm.sci.coadd_s00030874.fits,60636,,,,,,,,,,0.0,98.4583213729573,4.818206011618613,2.535718142778322,NGC2237,98.4583213729573,4.818206011618613,-153.3644139920688,-1.7051140532017017
1042XX,1042926,60653,30875,900.0,1,0,0,1.2.0,0,tile_id=1042926,2024-12-09T05:37:33.330,98.88050689376851,4.799088288431328,2.5951009281590633,1.213,-36.87,35.55,55.5308,2631.63305,104.207,100.17878545688352,8.967088658283423,1.113131106624035,1.283,-34.68,35.21,grid146,51.1921,4.3627,2963.45616,105.5273,70.85948336585953,-56.12804118619808,1.0615271627889036,1.166,-47.3,36.19,WHAM_south_08,59.0451,65.1138,1143.18108,80.4497,354.80154,-2.18986,97.07,0.5628,-35.9947,-5.1451,lvmSFrame-00030875.fits,sdsswork/lvm/spectro/redux/1.2.0/1042XX/1042926/60653/lvmSFrame-00030875.fits,sdsswork/data/agcam/lco/60653/coadds/lvm.sci.coadd_s00030875.fits,60636,,,,,,,,,,0.0,98.88050689376851,4.799088288431328,2.5951009281590633,NGC2237,98.88050689376851,4.799088288431328,-153.15384523156777,-1.340359582342031
1043XX,1043437,60653,30876,900.0,1,0,0,1.2.0,0,tile_id=1043437,2024-12-09T05:53:41.677,99.30267815498249,4.779615412117597,2.6156416323977565,1.205,-33.65,35.51,56.0649,2366.84164,104.4736,100.17879024729963,8.967061848348317,1.1082485115338887,1.272,-30.8,35.16,grid146,51.8126,4.2768,2654.04693,105.369,70.85946858338609,-56.12799991616837,1.0855825415014897,1.185,-45.21,36.15,WHAM_south_08,57.566,65.2174,1081.23933,80.4328,354.94991,-2.11282,97.23,0.5641,-34.7879,-8.5717,lvmSFrame-00030876.fits,sdsswork/lvm/spectro/redux/1.2.0/1043XX/1043437/60653/lvmSFrame-00030876.fits,sdsswork/data/agcam/lco/60653/coadds/lvm.sci.coadd_s00030876.fits,60636,,,,,,,,,,0.0,99.30267815498249,4.779615412117597,2.6156416323977565,NGC2237,99.30267815498249,4.779615412117597,-152.9432496857935,-0.9756225488297965
1044XX,1044315,60653,30878,900.0,1,0,0,1.2.0,0,tile_id=1044315,2024-12-09T06:27:37.216,99.95334623935139,5.114201688064146,2.697079123981326,1.211,-26.52,35.43,55.6295,1819.43689,104.7903,100.17879338495835,8.967050851412637,1.142297529385832,1.272,-22.87,35.08,grid146,51.8271,3.8593,2003.10076,105.0239,70.85947585216186,-56.12802241873294,1.1378910707405432,1.237,-41.0,36.16,WHAM_south_08,53.9416,65.7282,913.84332,80.3902,355.27449,-1.95139,97.56,0.567,-31.4877,-15.7149,lvmSFrame-00030878.fits,sdsswork/lvm/spectro/redux/1.2.0/1044XX/1044315/60653/lvmSFrame-00030878.fits,sdsswork/data/agcam/lco/60653/coadds/lvm.sci.coadd_s00030878.fits,60636,,,,,,,,,,0.0,99.95334623935139,5.114201688064146,2.697079123981326,NGC2237,99.95334623935139,5.114201688064146,-152.9432641079358,-0.24612444811073472
1040XX,1040880,60654,30924,900.0,1,0,0,1.2.0,0,tile_id=1040880,2024-12-10T03:57:46.226,96.80061476595897,5.619285789062531,2.31682884216181,1.401,-56.95,36.0,45.54,3953.71826,89.871,100.1786971219318,8.967111296193456,1.3182683637762587,1.529,-57.8,35.62,grid146,40.8434,4.7363,4644.17662,92.9568,70.85953968812626,-56.12804606754753,1.0374210852805883,1.124,-60.74,36.73,WHAM_south_08,62.8567,65.3247,1197.62856,79.5751,6.52344,4.13051,109.38,0.667,-37.2472,22.5133,lvmSFrame-00030924.fits,sdsswork/lvm/spectro/redux/1.2.0/1040XX/1040880/60654/lvmSFrame-00030924.fits,sdsswork/data/agcam/lco/60654/coadds/lvm.sci.coadd_s00030924.fits,60636,,,,,,,,,,0.0,96.80061476595897,5.619285789062531,2.31682884216181,NGC2237,96.80061476595897,5.619285789062531,-154.8385465726295,-2.799322992793713
1041XX,1041392,60654,30925,900.0,1,0,0,1.2.0,0,tile_id=1041392,2024-12-10T04:15:24.337,97.41879903939534,5.228676480946854,2.3924886123426377,1.344,-53.59,35.72,48.0629,3744.33054,90.3816,70.85951075585244,-56.12806023756733,1.4741764479955912,1.123,-58.36,35.23,WHAM_south_08,62.911,65.1159,1229.16786,79.5793,100.1787612603824,8.967113623861906,0.9110139167208959,1.454,-53.42,36.33,grid146,43.4325,4.634,4401.11933,92.821,6.64862,4.20958,109.52,0.6681,-37.8112,18.8886,lvmSFrame-00030925.fits,sdsswork/lvm/spectro/redux/1.2.0/1041XX/1041392/60654/lvmSFrame-00030925.fits,sdsswork/data/agcam/lco/60654/coadds/lvm.sci.coadd_s00030925.fits,60636,,,,,,,,,,0.0,97.41879903939534,5.228676480946854,2.3924886123426377,NGC2237,97.41879903939534,5.228676480946854,-154.20678796067403,-2.4345959186567234
1041XX,1041903,60654,30926,900.0,1,0,0,1.2.0,0,tile_id=1041903,2024-12-10T04:32:10.281,97.84126636865726,5.210490785177273,2.4772994547757015,1.304,-50.07,35.72,50.0679,3577.72845,90.6733,70.85950940970531,-56.12800455563351,1.5030191533539339,1.126,-55.94,35.23,WHAM_south_08,62.6253,65.2147,1242.50121,79.581,100.17876733669459,8.96707065582492,0.8480896770305487,1.398,-49.41,36.33,grid146,45.6554,4.4148,4148.43648,92.6877,6.77181,4.28444,109.65,0.6692,-38.0308,15.4066,lvmSFrame-00030926.fits,sdsswork/lvm/spectro/redux/1.2.0/1041XX/1041903/60654/lvmSFrame-00030926.fits,sdsswork/data/agcam/lco/60654/coadds/lvm.sci.coadd_s00030926.fits,60636,,,,,,,,,,0.0,97.84126636865726,5.210490785177273,2.4772994547757015,NGC2237,97.84126636865726,5.210490785177273,-153.99619564902824,-2.06983329457205
1041XX,1041391,60654,30927,900.0,1,0,0,1.2.0,0,tile_id=1041391,2024-12-10T04:48:29.322,97.22334370072909,5.601745686724682,2.402341934189323,1.271,-45.56,35.72,51.844,3471.87803,89.9002,100.17874765671232,8.967090835771911,1.1797391006961726,1.355,-45.67,35.23,grid146,47.5592,4.4628,3883.58313,92.5541,70.85950528285235,-56.128054896477906,1.050351149380521,1.132,-53.42,36.33,WHAM_south_08,62.0418,65.4215,1239.59933,79.5806,6.89573,4.35703,109.78,0.6703,-37.9443,11.9907,lvmSFrame-00030927.fits,sdsswork/lvm/spectro/redux/1.2.0/1041XX/1041391/60654/lvmSFrame-00030927.fits,sdsswork/data/agcam/lco/60654/coadds/lvm.sci.coadd_s00030927.fits,60636,,,,,,,,,,0.0,97.22334370072909,5.601745686724682,2.402341934189323,NGC2237,97.22334370072909,5.601745686724682,-154.62793293220727,-2.4345848865038553
1042XX,1042414,60654,30928,900.0,1,0,0,1.2.0,0,tile_id=1042414,2024-12-10T05:04:37.341,98.26370174199499,5.1918931488086555,2.5276944112920576,1.246,-42.96,35.72,53.3562,3181.36825,90.8323,100.17876764111458,8.96707597575054,1.1493183097685293,1.322,-41.74,35.23,grid146,49.1541,4.2264,3605.26737,92.4182,70.85947810006441,-56.12800122162371,1.0772712067437618,1.141,-51.19,36.33,WHAM_south_08,61.1881,65.3148,1221.3777,79.5779,7.02225,4.42856,109.91,0.6714,-37.5689,8.5924,lvmSFrame-00030928.fits,sdsswork/lvm/spectro/redux/1.2.0/1042XX/1042414/60654/lvmSFrame-00030928.fits,sdsswork/data/agcam/lco/60654/coadds/lvm.sci.coadd_s00030928.fits,60636,,,,,,,,,,0.0,98.26370174199499,5.1918931488086555,2.5276944112920576,NGC2237,98.26370174199499,5.1918931488086555,-153.7855879475524,-1.705109216088639
1042XX,1042925,60654,30929,900.0,1,0,0,1.2.0,0,tile_id=1042925,2024-12-10T05:22:15.937,98.68613040942849,5.172953024548604,2.56528897774549,1.227,-39.26,35.69,54.5775,2919.86642,91.104,70.85948657259298,-56.12803711941628,1.5498859568479033,1.155,-49.01,35.35,WHAM_south_08,59.9697,65.4163,1184.39598,79.5726,100.17879491296412,8.967098535342146,0.734475049037255,1.295,-37.22,36.26,grid146,50.5295,4.073,3285.22219,92.2651,7.16521,4.50652,110.06,0.6726,-36.836,4.8579,lvmSFrame-00030929.fits,sdsswork/lvm/spectro/redux/1.2.0/1042XX/1042925/60654/lvmSFrame-00030929.fits,sdsswork/data/agcam/lco/60654/coadds/lvm.sci.coadd_s00030929.fits,60636,,,,,,,,,,0.0,98.68613040942849,5.172953024548604,2.56528897774549,NGC2237,98.68613040942849,5.172953024548604,-153.57499671676786,-1.3403742942438555
1043XX,1043436,60654,30930,900.0,1,0,0,1.2.0,0,tile_id=1043436,2024-12-10T05:38:35.387,99.10856363880353,5.153697998797362,2.618762314402983,1.215,-35.9,35.69,55.3605,2659.04448,91.3827,100.17878848021887,8.967063876170414,1.1165837049244027,1.279,-33.48,35.33,grid146,51.424,3.9585,2977.95569,92.1192,70.85949638350765,-56.12803239810214,1.137486667037311,1.171,-46.65,36.26,WHAM_south_08,58.6095,65.519,1135.04871,79.5654,7.30182,4.57843,110.2,0.6737,-35.8694,1.3902,lvmSFrame-00030930.fits,sdsswork/lvm/spectro/redux/1.2.0/1043XX/1043436/60654/lvmSFrame-00030930.fits,sdsswork/data/agcam/lco/60654/coadds/lvm.sci.coadd_s00030930.fits,60636,,,,,,,,,,0.0,99.10856363880353,5.153697998797362,2.618762314402983,NGC2237,99.10856363880353,5.153697998797362,-153.36442315143285,-0.9756109079259127
1043XX,1043875,60654,30931,900.0,1,0,0,1.2.0,0,tile_id=1043875,2024-12-10T05:54:47.681,99.53096246779627,5.134107917497958,2.6634570691222703,1.209,-32.6,35.69,55.7939,2388.67161,91.6583,100.17879012189553,8.967061860962191,1.1193010859350099,1.27,-29.59,35.33,grid146,51.9262,3.8865,2666.19821,91.9703,70.85947348103154,-56.12800458251547,1.1592037340928572,1.191,-44.57,36.26,WHAM_south_08,57.0691,65.623,1072.70713,79.5561,7.44158,4.64963,110.34,0.6749,-34.6503,-2.0601,lvmSFrame-00030931.fits,sdsswork/lvm/spectro/redux/1.2.0/1043XX/1043875/60654/lvmSFrame-00030931.fits,sdsswork/data/agcam/lco/60654/coadds/lvm.sci.coadd_s00030931.fits,60636,,,,,,,,,,0.0,99.53096246779627,5.134107917497958,2.6634570691222703,NGC2237,99.53096246779627,5.134107917497958,-153.1538490287827,-0.6108678587822662
1040XX,1040879,60656,31087,900.0,1,0,0,1.2.0,0,tile_id=1040879,2024-12-12T03:47:23.285,96.60447513210104,5.991955657210814,2.2845013309486393,1.414,-57.24,35.95,44.9801,4035.7832,63.0192,100.1787343541902,8.967105275885874,1.3408321555442753,1.541,-58.39,35.59,grid146,40.4548,4.6268,4765.9341,65.6416,70.85952676607185,-56.128068868355726,1.0323867721555824,1.124,-61.12,36.64,WHAM_south_08,62.819,65.6317,1155.8318,79.8413,33.02783,17.11376,136.22,0.8616,-36.5565,33.212,lvmSFrame-00031087.fits,sdsswork/lvm/spectro/redux/1.2.0/1040XX/1040879/60656/lvmSFrame-00031087.fits,sdsswork/data/agcam/lco/60656/coadds/lvm.sci.coadd_s00031087.fits,60655,,,,,,,,,,0.0,96.60447513210104,5.991955657210814,2.2845013309486393,NGC2237,96.60447513210104,5.991955657210814,-155.2597150637009,-2.7993290402205844
1041XX,1041902,60656,31089,900.0,1,0,0,1.2.0,0,tile_id=1041902,2024-12-12T04:21:06.537,97.64604246286397,5.5838354722803425,2.3882426566289388,1.316,-50.55,35.67,49.4413,3748.44133,63.9198,100.1787459288511,8.967099219765418,1.24790506621056,1.408,-50.39,35.53,grid146,45.251,4.2138,4353.89076,65.4244,70.85950427002827,-56.128040393074265,1.0538031761873523,1.125,-56.19,36.32,WHAM_south_08,62.7046,65.5196,1221.95703,79.8746,33.25069,17.22797,136.43,0.8628,-37.7478,28.1796,lvmSFrame-00031089.fits,sdsswork/lvm/spectro/redux/1.2.0/1041XX/1041902/60656/lvmSFrame-00031089.fits,sdsswork/data/agcam/lco/60656/coadds/lvm.sci.coadd_s00031089.fits,60655,,,,,,,,,,0.0,97.64604246286397,5.5838354722803425,2.3882426566289388,NGC2237,97.64604246286397,5.5838354722803425,-154.41737579408826,-2.0698489915502845
1041XX,1041390,60656,31090,900.0,1,0,0,1.2.0,0,tile_id=1041390,2024-12-12T04:37:20.194,97.02750312511031,5.974701348803439,2.343058035396978,1.282,-45.98,35.67,51.2458,3680.48985,63.1142,70.8594998287468,-56.12807486968856,1.5250183686133791,1.131,-54.09,35.53,WHAM_south_08,62.1826,65.7278,1230.66697,79.8878,100.1787771410709,8.967099202484484,0.8338620384425577,1.362,-46.26,36.32,grid146,47.1979,4.3261,4118.23094,65.3158,33.36251,17.28121,136.53,0.8635,-37.8788,25.5545,lvmSFrame-00031090.fits,sdsswork/lvm/spectro/redux/1.2.0/1041XX/1041390/60656/lvmSFrame-00031090.fits,sdsswork/data/agcam/lco/60656/coadds/lvm.sci.coadd_s00031090.fits,60655,,,,,,,,,,0.0,97.02750312511031,5.974701348803439,2.343058035396978,NGC2237,97.02750312511031,5.974701348803439,-155.04909714422004,-2.434584413824925
1042XX,1042413,60656,31091,900.0,1,0,0,1.2.0,0,tile_id=1042413,2024-12-12T04:53:35.762,98.06876751417089,5.565477696526438,2.4901228911675086,1.255,-43.33,35.67,52.796,3407.90495,64.1157,100.17876243620951,8.967092014113998,1.179166869182797,1.327,-42.51,35.53,grid146,48.8657,3.9938,3859.95992,65.2038,70.85949693314745,-56.12804679564122,1.0871457268304408,1.139,-51.62,36.3,WHAM_south_08,61.3758,65.6189,1223.96706,79.8989,33.47782,17.3335,136.64,0.8641,-37.7171,22.814,lvmSFrame-00031091.fits,sdsswork/lvm/spectro/redux/1.2.0/1042XX/1042413/60656/lvmSFrame-00031091.fits,sdsswork/data/agcam/lco/60656/coadds/lvm.sci.coadd_s00031091.fits,60655,,,,,,,,,,0.0,98.06876751417089,5.565477696526438,2.4901228911675086,NGC2237,98.06876751417089,5.565477696526438,-154.20676225088516,-1.705106110257165
1042XX,1042924,60656,31092,900.0,1,0,0,1.2.0,0,tile_id=1042924,2024-12-12T05:09:48.391,98.49146575015075,5.54678212869495,2.4976860027690493,1.236,-39.97,35.62,53.9638,3185.60392,64.4132,70.85950253208985,-56.12805845595653,1.5631910311734454,1.151,-49.63,35.49,WHAM_south_08,60.3135,65.7194,1202.03423,79.9082,100.17880620874178,8.967094597153427,0.7589080880039337,1.301,-38.35,36.27,grid146,50.2107,3.8078,3582.90368,65.0891,33.59625,17.38465,136.75,0.8648,-37.2666,19.9857,lvmSFrame-00031092.fits,sdsswork/lvm/spectro/redux/1.2.0/1042XX/1042924/60656/lvmSFrame-00031092.fits,sdsswork/data/agcam/lco/60656/coadds/lvm.sci.coadd_s00031092.fits,60655,,,,,,,,,,0.0,98.49146575015075,5.54678212869495,2.4976860027690493,NGC2237,98.49146575015075,5.54678212869495,-153.99619597303717,-1.3403573222123526
1043XX,1043435,60656,31093,900.0,1,0,0,1.2.0,0,tile_id=1043435,2024-12-12T05:27:25.594,98.91415837827755,5.527704027481416,2.5352383189101366,1.222,-36.28,35.7,54.8846,2918.60506,64.697,100.17878278767138,8.967062722793905,1.1419996876284886,1.281,-34.28,35.35,grid146,51.274,3.6609,3263.27158,64.9605,70.85947207860012,-56.1280195342724,1.127719270204939,1.168,-47.08,36.41,WHAM_south_08,58.9008,65.8212,1161.42762,79.916,33.7291,17.4392,136.88,0.8655,-36.4581,16.8167,lvmSFrame-00031093.fits,sdsswork/lvm/spectro/redux/1.2.0/1043XX/1043435/60656/lvmSFrame-00031093.fits,sdsswork/data/agcam/lco/60656/coadds/lvm.sci.coadd_s00031093.fits,60655,,,,,,,,,,0.0,98.91415837827755,5.527704027481416,2.5352383189101366,NGC2237,98.91415837827755,5.527704027481416,-153.78560931562953,-0.9756094873579463
1043XX,1043874,60656,31094,900.0,1,0,0,1.2.0,0,tile_id=1043874,2024-12-12T05:43:35.563,99.33682590533921,5.5082599237690495,2.6395698918715067,1.215,-32.98,35.7,55.3733,2653.70792,64.9874,100.17879594702696,8.96705111866553,1.140726192874205,1.271,-30.4,35.35,grid146,51.8552,3.5582,2957.06612,64.8389,70.8594657774688,-56.12798929809964,1.1520822433026465,1.187,-45.0,36.41,WHAM_south_08,57.4003,65.9243,1109.60658,79.9213,33.85495,17.48837,136.99,0.8662,-35.4365,13.8337,lvmSFrame-00031094.fits,sdsswork/lvm/spectro/redux/1.2.0/1043XX/1043874/60656/lvmSFrame-00031094.fits,sdsswork/data/agcam/lco/60656/coadds/lvm.sci.coadd_s00031094.fits,60655,,,,,,,,,,0.0,99.33682590533921,5.5082599237690495,2.6395698918715067,NGC2237,99.33682590533921,5.5082599237690495,-153.5750076815309,-0.6108771781349025
1044XX,1044314,60656,31095,900.0,1,0,0,1.2.0,0,tile_id=1044314,2024-12-12T05:59:52.276,99.75947222878523,5.488520779505264,2.70580355746355,1.213,-29.7,35.7,55.5134,2375.13919,65.273,70.85947687772013,-56.128032772826465,1.6281074986204787,1.21,-43.16,35.33,WHAM_south_08,55.7223,66.0286,1044.43997,79.9247,100.17880695875733,8.96707773249413,0.7486677580644943,1.268,-26.34,36.44,grid146,52.0405,3.5033,2640.63373,64.7128,33.98564,17.53709,137.12,0.8669,-34.1526,10.7666,lvmSFrame-00031095.fits,sdsswork/lvm/spectro/redux/1.2.0/1044XX/1044314/60656/lvmSFrame-00031095.fits,sdsswork/data/agcam/lco/60656/coadds/lvm.sci.coadd_s00031095.fits,60655,,,,,,,,,,0.0,99.75947222878523,5.488520779505264,2.70580355746355,NGC2237,99.75947222878523,5.488520779505264,-153.36443412262116,-0.24612940833246102
1041XX,1041901,60665,31552,900.0,1,0,0,1.2.0,0,tile_id=1041901,2024-12-21T03:37:58.587,97.45049109301503,5.957056712307751,2.3865382617702795,1.341,-52.07,35.91,48.2226,3697.25262,64.9309,100.17870889103696,8.967103728242277,1.231038883463253,1.433,-52.25,35.69,grid146,44.2325,4.0468,4579.1224,61.8562,70.85947302453361,-56.12798991000787,1.0310241530371964,1.124,-57.3,36.71,WHAM_south_08,62.8478,65.8249,1075.87612,99.4976,162.98372,10.03407,251.1,0.6632,-35.4088,-4.1819,lvmSFrame-00031552.fits,sdsswork/lvm/spectro/redux/1.2.0/1041XX/1041901/60665/lvmSFrame-00031552.fits,sdsswork/data/agcam/lco/60665/coadds/lvm.sci.coadd_s00031552.fits,60655,,,,,,,,,,0.0,97.45049109301503,5.957056712307751,2.3865382617702795,NGC2237,97.45049109301503,5.957056712307751,-154.83853979678307,-2.0698495036249995
1041XX,1041389,60665,31553,900.0,1,0,0,1.2.0,0,tile_id=1041389,2024-12-21T03:54:05.285,96.83126158702599,6.347546255965312,2.2447105181458062,1.302,-47.55,35.91,50.1466,3850.75558,65.6053,100.17875138595494,8.967062390056512,1.190840670837532,1.383,-48.37,35.69,grid146,46.2876,4.2269,4592.95285,61.979,70.85948106746834,-56.12799053470699,1.0482468446727253,1.128,-54.99,36.73,WHAM_south_08,62.4714,66.0345,1126.09967,99.5213,163.1044,9.98153,251.22,0.6622,-36.3539,-0.7812,lvmSFrame-00031553.fits,sdsswork/lvm/spectro/redux/1.2.0/1041XX/1041389/60665/lvmSFrame-00031553.fits,sdsswork/data/agcam/lco/60665/coadds/lvm.sci.coadd_s00031553.fits,60655,,,,,,,,,,0.0,96.83126158702599,6.347546255965312,2.2447105181458062,NGC2237,96.83126158702599,6.347546255965312,-155.47028646914958,-2.434589693623684
1042XX,1042412,60665,31554,900.0,1,0,0,1.2.0,0,tile_id=1042412,2024-12-21T04:10:14.938,97.87349441638945,5.938960051477221,2.373057668450406,1.272,-44.92,35.91,51.7772,3817.05551,64.7548,70.85952406507786,-56.12806784226386,1.5034836092235146,1.135,-52.93,35.69,WHAM_south_08,61.8041,65.9235,1163.10145,99.5428,100.17877743215226,8.967107232054277,0.7732619934709464,1.343,-44.24,36.76,grid146,48.0868,3.7939,4554.17455,62.0985,163.22155,9.92865,251.33,0.6613,-37.0333,2.613,lvmSFrame-00031554.fits,sdsswork/lvm/spectro/redux/1.2.0/1042XX/1042412/60665/lvmSFrame-00031554.fits,sdsswork/data/agcam/lco/60665/coadds/lvm.sci.coadd_s00031554.fits,60655,,,,,,,,,,0.0,97.87349441638945,5.938960051477221,2.373057668450406,NGC2237,97.87349441638945,5.938960051477221,-154.62794455180241,-1.7051088212949965
1042XX,1042923,60665,31555,900.0,1,0,0,1.2.0,0,tile_id=1042923,2024-12-21T04:27:45.827,98.29648817933867,5.9204509650564,2.46203759077476,1.249,-41.23,35.66,53.1787,3788.20162,64.4636,70.85949579884239,-56.128014338770626,1.5310684068715437,1.146,-50.53,35.36,WHAM_south_08,60.7783,66.0231,1187.19562,99.5635,100.17879547875876,8.967069704905517,0.7290886173860263,1.311,-39.97,36.4,grid146,49.6991,3.5728,4454.75784,62.2238,163.34415,9.87108,251.45,0.6603,-37.454,6.2675,lvmSFrame-00031555.fits,sdsswork/lvm/spectro/redux/1.2.0/1042XX/1042923/60665/lvmSFrame-00031555.fits,sdsswork/data/agcam/lco/60665/coadds/lvm.sci.coadd_s00031555.fits,60655,,,,,,,,,,0.0,98.29648817933867,5.9204509650564,2.46203759077476,NGC2237,98.29648817933867,5.9204509650564,-154.41733981099435,-1.3403707861245993
1043XX,1043434,60665,31556,900.0,1,0,0,1.2.0,0,tile_id=1043434,2024-12-21T04:43:54.853,98.71946169372741,5.9015992033764215,2.5136731800879013,1.233,-37.86,35.66,54.1526,3703.21634,64.1588,70.85944318898551,-56.12800442805517,1.54670033441892,1.159,-48.37,35.36,WHAM_south_08,59.5826,66.1241,1194.15805,99.5802,100.17878886306144,8.967067158105628,0.7041665244095389,1.289,-36.04,36.4,grid146,50.8377,3.3898,4313.01372,62.3355,163.4532,9.81771,251.56,0.6594,-37.5442,9.6104,lvmSFrame-00031556.fits,sdsswork/lvm/spectro/redux/1.2.0/1043XX/1043434/60665/lvmSFrame-00031556.fits,sdsswork/data/agcam/lco/60665/coadds/lvm.sci.coadd_s00031556.fits,60655,,,,,,,,,,0.0,98.71946169372741,5.9015992033764215,2.5136731800879013,NGC2237,98.71946169372741,5.9015992033764215,-154.20677417910815,-0.9756175578866557
1043XX,1043873,60665,31557,900.0,1,0,0,1.2.0,0,tile_id=1043873,2024-12-21T05:00:10.621,99.14241793468696,5.8823618552834045,2.585500910430774,1.223,-34.51,35.66,54.8102,3565.76725,63.8511,100.1787738776399,8.967085630657714,1.1025675663925152,1.275,-32.32,35.36,grid146,51.6153,3.2514,4125.18101,62.4443,70.85946590632446,-56.128018956007715,1.1004704336412556,1.177,-46.03,36.4,WHAM_south_08,58.1673,66.2263,1186.20749,99.5945,163.55921,9.76365,251.67,0.6585,-37.3448,12.9448,lvmSFrame-00031557.fits,sdsswork/lvm/spectro/redux/1.2.0/1043XX/1043873/60665/lvmSFrame-00031557.fits,sdsswork/data/agcam/lco/60665/coadds/lvm.sci.coadd_s00031557.fits,60655,,,,,,,,,,0.0,99.14241793468696,5.8823618552834045,2.585500910430774,NGC2237,99.14241793468696,5.8823618552834045,-153.99618998438763,-0.6108712310391047
1041XX,1041900,60666,31610,900.0,1,0,0,1.2.0,0,tile_id=1041900,2024-12-22T03:16:43.136,97.25456940037795,6.33018598468268,2.3232793222078514,1.399,-55.83,36.19,45.6102,3514.34907,75.9452,70.85951376723713,-56.12800396597132,1.4015844139031552,1.123,-60.05,35.83,WHAM_south_08,62.916,66.131,987.00051,100.793,100.17874312517881,8.967076248543163,0.8124504007260227,1.5,-56.16,36.82,grid146,41.77,3.918,4400.49828,72.9335,173.58096,4.4835,261.93,0.5716,-33.735,-14.5488,lvmSFrame-00031610.fits,sdsswork/lvm/spectro/redux/1.2.0/1041XX/1041900/60666/lvmSFrame-00031610.fits,sdsswork/data/agcam/lco/60666/coadds/lvm.sci.coadd_s00031610.fits,60655,,,,,,,,,,0.0,97.25456940037795,6.33018598468268,2.3232793222078514,NGC2237,97.25456940037795,6.33018598468268,-155.25973143833258,-2.06984081956089
1042XX,1042411,60666,31611,900.0,1,0,0,1.2.0,0,tile_id=1042411,2024-12-22T03:32:51.979,97.67789614882865,6.312336686405254,2.4181891286530575,1.353,-52.47,36.19,47.6453,3697.07871,75.661,70.85951567765107,-56.128004553568935,1.4122257519547432,1.124,-57.68,35.83,WHAM_south_08,62.8635,66.2286,1053.49674,100.8154,100.17878715404835,8.96706144172388,0.7391876364452789,1.437,-52.32,36.84,grid146,44.0728,3.6318,4511.87974,73.0705,173.71131,4.42407,262.06,0.5704,-35.0215,-11.0969,lvmSFrame-00031611.fits,sdsswork/lvm/spectro/redux/1.2.0/1042XX/1042411/60666/lvmSFrame-00031611.fits,sdsswork/data/agcam/lco/60666/coadds/lvm.sci.coadd_s00031611.fits,60655,,,,,,,,,,0.0,97.67789614882865,6.312336686405254,2.4181891286530575,NGC2237,97.67789614882865,6.312336686405254,-155.0491215521821,-1.7050896557769026
1042XX,1042922,60666,31613,900.0,1,0,0,1.2.0,0,tile_id=1042922,2024-12-22T04:06:31.805,98.10119336414498,6.294038438446501,2.4749665458366477,1.279,-44.99,36.03,51.3827,3877.14455,75.5112,70.85951974716338,-56.12802419948617,1.4408006928345305,1.135,-52.9,35.73,WHAM_south_08,61.7934,66.3274,1152.68485,100.8552,100.1787447643121,8.96706082792698,0.6100305744531439,1.343,-44.19,36.67,grid146,48.1086,3.3741,4564.29056,73.3444,173.97108,4.29992,262.32,0.5682,-36.8848,-3.8862,lvmSFrame-00031613.fits,sdsswork/lvm/spectro/redux/1.2.0/1042XX/1042922/60666/lvmSFrame-00031613.fits,sdsswork/data/agcam/lco/60666/coadds/lvm.sci.coadd_s00031613.fits,60655,,,,,,,,,,0.0,98.10119336414498,6.294038438446501,2.4749665458366477,NGC2237,98.10119336414498,6.294038438446501,-154.83849641009633,-1.3403649996783304
1044XX,1044313,60666,31614,900.0,1,0,0,1.2.0,0,tile_id=1044313,2024-12-22T04:22:43.018,99.56534645524195,5.862762063640967,2.5887588494402407,1.256,-42.78,36.03,52.7362,3792.16778,74.2017,100.17877196668222,8.967073955760402,1.0533167275370177,1.313,-40.45,35.71,grid146,49.6078,3.1633,4505.34931,73.4703,70.85950350678412,-56.12805337143207,0.8845961456675242,1.145,-50.47,36.65,WHAM_south_08,60.8523,66.3297,1179.2956,100.8709,174.09015,4.24006,262.44,0.5671,-37.3592,-0.4195,lvmSFrame-00031614.fits,sdsswork/lvm/spectro/redux/1.2.0/1044XX/1044313/60666/lvmSFrame-00031614.fits,sdsswork/data/agcam/lco/60666/coadds/lvm.sci.coadd_s00031614.fits,60655,,,,,,,,,,0.0,99.56534645524195,5.862762063640967,2.5887588494402407,NGC2237,99.56534645524195,5.862762063640967,-153.7855943207409,-0.246135341936751
1043XX,1043433,60666,31615,900.0,1,0,0,1.2.0,0,tile_id=1043433,2024-12-22T04:39:00.017,98.52446999325792,6.2754093013816,2.4957068705394683,1.239,-37.75,35.99,53.7761,3820.98378,75.3365,70.85951024412407,-56.12805352324547,1.4937714686953023,1.158,-48.5,35.67,WHAM_south_08,59.6615,66.4276,1191.3803,100.8845,100.17879747659653,8.967093678044563,0.5207899878120993,1.29,-36.28,36.63,grid146,50.7786,3.1517,4393.8068,73.5933,174.20609,4.17971,262.56,0.5661,-37.5484,3.0628,lvmSFrame-00031615.fits,sdsswork/lvm/spectro/redux/1.2.0/1043XX/1043433/60666/lvmSFrame-00031615.fits,sdsswork/data/agcam/lco/60666/coadds/lvm.sci.coadd_s00031615.fits,60655,,,,,,,,,,0.0,98.52446999325792,6.2754093013816,2.4957068705394683,NGC2237,98.52446999325792,6.2754093013816,-154.62793840595828,-0.9756093060283272
1043XX,1043872,60666,31616,900.0,1,0,0,1.2.0,0,tile_id=1043872,2024-12-22T04:55:30.968,98.94770903241452,6.256371608041344,2.58054197975166,1.229,-34.3,35.99,54.4402,3704.68615,75.0358,100.17877706729446,8.967085397118769,1.0430729928871374,1.276,-32.49,35.63,grid146,51.5887,2.9726,4230.29752,73.7142,70.85950359843572,-56.128024899438905,0.8947638518415072,1.176,-46.12,36.63,WHAM_south_08,58.2348,66.5289,1188.32131,100.8959,174.31975,4.11835,262.68,0.5651,-37.4419,6.5857,lvmSFrame-00031616.fits,sdsswork/lvm/spectro/redux/1.2.0/1043XX/1043872/60666/lvmSFrame-00031616.fits,sdsswork/data/agcam/lco/60666/coadds/lvm.sci.coadd_s00031616.fits,60655,,,,,,,,,,0.0,98.94770903241452,6.256371608041344,2.58054197975166,NGC2237,98.94770903241452,6.256371608041344,-154.41736815479499,-0.6108783166319216
1044XX,1044312,60666,31619,900.0,1,0,0,1.2.0,0,tile_id=1044312,2024-12-22T05:46:48.630,99.37094900064145,6.236959312632018,2.63311014533752,1.235,-23.21,35.95,54.0219,3077.09041,74.9603,70.85946890560722,-56.128033652155175,1.5865493748369772,1.256,-39.98,35.69,WHAM_south_08,52.73,66.6314,1082.72904,100.9166,100.17880746332263,8.967055341192937,0.4594800978112189,1.278,-20.33,36.51,grid146,51.4845,2.8451,3446.97561,74.0655,174.64793,3.9266,263.02,0.5621,-35.2434,17.4196,lvmSFrame-00031619.fits,sdsswork/lvm/spectro/redux/1.2.0/1044XX/1044312/60666/lvmSFrame-00031619.fits,sdsswork/data/agcam/lco/60666/coadds/lvm.sci.coadd_s00031619.fits,60655,,,,,,,,,,0.0,99.37094900064145,6.236959312632018,2.63311014533752,NGC2237,99.37094900064145,6.236959312632018,-154.20677992924416,-0.24612729295981944
1042XX,1042410,60667,31648,900.0,1,0,0,1.2.0,0,tile_id=1042410,2024-12-23T03:33:17.937,97.48191251175894,6.685563930038308,2.3835518076620907,1.345,-51.14,36.15,47.9962,3726.32271,86.8555,100.17873591957954,8.96708962870469,1.2607360137051673,1.422,-51.49,35.84,grid146,44.6579,3.5132,4461.76392,84.2601,70.85953148172598,-56.12805112823958,0.9858154531702842,1.124,-56.84,36.77,WHAM_south_08,62.7968,66.5344,1051.66318,101.6865,184.16981,-1.23788,272.88,0.4763,-35.0262,-16.4277,lvmSFrame-00031648.fits,sdsswork/lvm/spectro/redux/1.2.0/1042XX/1042410/60667/lvmSFrame-00031648.fits,sdsswork/data/agcam/lco/60667/coadds/lvm.sci.coadd_s00031648.fits,60655,,,,,,,,,,0.0,97.48191251175894,6.685563930038308,2.3835518076620907,NGC2237,97.48191251175894,6.685563930038308,-155.4702782967611,-1.705104579170252
1042XX,1042921,60667,31650,900.0,1,0,0,1.2.0,0,tile_id=1042921,2024-12-23T04:06:21.916,97.90552235766093,6.6675618413421915,2.4414513983318544,1.278,-43.68,36.09,51.4669,3941.14346,86.7177,70.85949762677416,-56.12805669937589,1.5421082370978298,1.137,-52.38,35.8,WHAM_south_08,61.5974,66.6324,1149.57614,101.7147,100.17877855787226,8.967111413568617,0.7438753685800387,1.335,-43.27,36.73,grid146,48.4855,3.2186,4560.00315,84.5472,184.43949,-1.36992,273.15,0.4739,-36.8693,-9.4368,lvmSFrame-00031650.fits,sdsswork/lvm/spectro/redux/1.2.0/1042XX/1042921/60667/lvmSFrame-00031650.fits,sdsswork/data/agcam/lco/60667/coadds/lvm.sci.coadd_s00031650.fits,60655,,,,,,,,,,0.0,97.90552235766093,6.6675618413421915,2.4414513983318544,NGC2237,97.90552235766093,6.6675618413421915,-155.2597042523426,-1.3403666464572788
1043XX,1043432,60667,31651,900.0,1,0,0,1.2.0,0,tile_id=1043432,2024-12-23T04:22:47.777,98.32912550057891,6.649121031806235,2.4866341897518334,1.257,-40.27,36.05,52.6869,3955.53354,86.4318,70.85947049172854,-56.12801036733867,1.5759046926523992,1.148,-50.14,35.76,WHAM_south_08,60.5805,66.7316,1177.06123,101.7255,100.1787983681448,8.967060454667607,0.6985946676194993,1.306,-39.27,36.7,grid146,49.9289,2.9547,4520.6369,84.6844,184.56789,-1.43572,273.28,0.4727,-37.3606,-5.9344,lvmSFrame-00031651.fits,sdsswork/lvm/spectro/redux/1.2.0/1043XX/1043432/60667/lvmSFrame-00031651.fits,sdsswork/data/agcam/lco/60667/coadds/lvm.sci.coadd_s00031651.fits,60655,,,,,,,,,,0.0,98.32912550057891,6.649121031806235,2.4866341897518334,NGC2237,98.32912550057891,6.649121031806235,-155.04911276590843,-0.9756245971324295
1043XX,1043871,60667,31652,900.0,1,0,0,1.2.0,0,tile_id=1043871,2024-12-23T04:40:05.884,98.75270897512257,6.630265761422876,2.5529238223217923,1.241,-36.63,35.97,53.6419,3901.87536,86.149,70.85945276843155,-56.12801209492473,1.5949185302801119,1.163,-47.83,35.63,WHAM_south_08,59.2488,66.8321,1189.83629,101.7345,100.17879814538198,8.967057782267403,0.6764124179438676,1.285,-35.05,36.55,grid146,51.0669,2.7307,4418.79177,84.8248,184.69897,-1.50516,273.42,0.4715,-37.56,-2.2319,lvmSFrame-00031652.fits,sdsswork/lvm/spectro/redux/1.2.0/1043XX/1043871/60667/lvmSFrame-00031652.fits,sdsswork/data/agcam/lco/60667/coadds/lvm.sci.coadd_s00031652.fits,60655,,,,,,,,,,0.0,98.75270897512257,6.630265761422876,2.5529238223217923,NGC2237,98.75270897512257,6.630265761422876,-154.83851304553187,-0.6108834100926344
